gene_id	gene_symbol
ENSG00000188157	AGRN
ENSG00000157873	TNFRSF14
ENSG00000241563	CORT
ENSG00000171819	ANGPTL7
ENSG00000162490	DRAXIN
ENSG00000120949	TNFRSF8
ENSG00000028137	TNFRSF1B
ENSG00000158747	NBL1
ENSG00000070886	EPHA8
ENSG00000133216	EPHB2
ENSG00000116329	OPRD1
ENSG00000121764	HCRTR1
ENSG00000182866	LCK
ENSG00000183682	BMP8A
ENSG00000131236	CAP1
ENSG00000044012	GUCA2B
ENSG00000066056	TIE1
ENSG00000117400	MPL
ENSG00000142949	PTPRF
ENSG00000117407	ARTN
ENSG00000132855	ANGPTL3
ENSG00000185483	ROR1
ENSG00000116678	LEPR
ENSG00000162594	IL23R
ENSG00000081985	IL12RB2
ENSG00000162692	VCAM1
ENSG00000162631	NTNG1
ENSG00000184371	CSF1
ENSG00000143125	PROK1
ENSG00000134245	WNT2B
ENSG00000134200	TSHB
ENSG00000169418	NPR1
ENSG00000160712	IL6R
ENSG00000160716	CHRNB2
ENSG00000243364	EFNA4
ENSG00000143590	EFNA3
ENSG00000169242	EFNA1
ENSG00000173080	RXFP4
ENSG00000196189	SEMA4A
ENSG00000198400	NTRK1
ENSG00000158473	CD1D
ENSG00000162706	CADM3
ENSG00000213088	ACKR1
ENSG00000197965	MPZL1
ENSG00000143184	XCL1
ENSG00000117560	FASLG
ENSG00000120332	TNN
ENSG00000135862	LAMC1
ENSG00000058085	LAMC2
ENSG00000081237	PTPRC
ENSG00000170075	GPR37L1
ENSG00000163485	ADORA1
ENSG00000163531	NFASC
ENSG00000184144	CNTN2
ENSG00000142224	IL19
ENSG00000162891	IL20
ENSG00000162892	IL24
ENSG00000196352	CD55
ENSG00000117322	CR2
ENSG00000117335	CD46
ENSG00000092969	TGFB2
ENSG00000154342	WNT3A
ENSG00000186891	TNFRSF18
ENSG00000186827	TNFRSF4
ENSG00000215788	TNFRSF25
ENSG00000049247	UTS2
ENSG00000049249	TNFRSF9
ENSG00000175206	NPPA
ENSG00000120937	NPPB
ENSG00000142627	EPHA2
ENSG00000142798	HSPG2
ENSG00000162552	WNT4
ENSG00000142677	IL22RA1
ENSG00000185436	IFNLR1
ENSG00000162512	SDC3
ENSG00000119535	CSF3R
ENSG00000169218	RSPO1
ENSG00000116985	BMP8B
ENSG00000049089	COL9A2
ENSG00000127129	EDN2
ENSG00000197273	GUCA2A
ENSG00000117425	PTCH2
ENSG00000172410	INSL5
ENSG00000172260	NEGR1
ENSG00000134243	SORT1
ENSG00000121933	TMIGD3
ENSG00000134259	NGF
ENSG00000134250	NOTCH2
ENSG00000143127	ITGA10
ENSG00000159164	SV2A
ENSG00000169231	THBS3
ENSG00000117091	CD48
ENSG00000122223	CD244
ENSG00000158769	F11R
ENSG00000143217	NECTIN4
ENSG00000158887	MPZ
ENSG00000143185	XCL2
ENSG00000174175	SELP
ENSG00000188404	SELL
ENSG00000007908	SELE
ENSG00000120337	TNFSF18
ENSG00000117586	TNFSF4
ENSG00000116147	TNR
ENSG00000116194	ANGPTL1
ENSG00000159346	ADIPOR1
ENSG00000122176	FMOD
ENSG00000170498	KISS1
ENSG00000198049	AVPR1B
ENSG00000136634	IL10
ENSG00000174059	CD34
ENSG00000076356	PLXNA2
ENSG00000196878	LAMB3
ENSG00000243709	LEFTY1
ENSG00000143768	LEFTY2
ENSG00000143816	WNT9A
ENSG00000135744	AGT
ENSG00000180875	GREM2
ENSG00000143869	GDF7
ENSG00000138080	EMILIN1
ENSG00000049323	LTBP1
ENSG00000169618	PROKR1
ENSG00000204640	NMS
ENSG00000115590	IL1R2
ENSG00000115594	IL1R1
ENSG00000115598	IL1RL2
ENSG00000115602	IL1RL1
ENSG00000115604	IL18R1
ENSG00000115607	IL18RAP
ENSG00000254126	CD8B2
ENSG00000153208	MERTK
ENSG00000125571	IL37
ENSG00000136688	IL36G
ENSG00000136694	IL36A
ENSG00000136695	IL36RN
ENSG00000136697	IL1F10
ENSG00000136689	IL1RN
ENSG00000019169	MARCO
ENSG00000163083	INHBB
ENSG00000121989	ACVR2A
ENSG00000091409	ITGA6
ENSG00000115232	ITGA4
ENSG00000138448	ITGAV
ENSG00000155760	FZD7
ENSG00000204217	BMPR2
ENSG00000178562	CD28
ENSG00000163599	CTLA4
ENSG00000163600	ICOS
ENSG00000118257	NRP2
ENSG00000144407	PTH2R
ENSG00000115457	IGFBP2
ENSG00000180871	CXCR2
ENSG00000115596	WNT6
ENSG00000135925	WNT10A
ENSG00000123999	INHA
ENSG00000169031	COL4A3
ENSG00000115009	CCL20
ENSG00000135902	CHRND
ENSG00000196811	CHRNG
ENSG00000144476	ACKR3
ENSG00000071677	PRLH
ENSG00000169006	NTSR2
ENSG00000115884	SDC1
ENSG00000115138	POMC
ENSG00000163794	UCN
ENSG00000171094	ALK
ENSG00000138039	LHCGR
ENSG00000170820	FSHR
ENSG00000179915	NRXN1
ENSG00000163217	BMP10
ENSG00000163235	TGFA
ENSG00000115353	TACR1
ENSG00000153563	CD8A
ENSG00000172116	CD8B
ENSG00000168758	SEMA4C
ENSG00000135960	EDAR
ENSG00000115008	IL1A
ENSG00000125538	IL1B
ENSG00000136696	IL36B
ENSG00000080293	SCTR
ENSG00000136698	CFC1
ENSG00000121966	CXCR4
ENSG00000123612	ACVR1C
ENSG00000115170	ACVR1
ENSG00000115221	ITGB6
ENSG00000115263	GCG
ENSG00000081479	LRP2
ENSG00000138435	CHRNA1
ENSG00000162998	FRZB
ENSG00000064989	CALCRL
ENSG00000138379	MSTN
ENSG00000183671	GPR1
ENSG00000163251	FZD5
ENSG00000178568	ERBB4
ENSG00000115414	FN1
ENSG00000115461	IGFBP5
ENSG00000163464	CXCR1
ENSG00000163501	IHH
ENSG00000116106	EPHA4
ENSG00000081052	COL4A4
ENSG00000115053	NCL
ENSG00000171596	NMUR1
ENSG00000163273	NPPC
ENSG00000163359	COL6A3
ENSG00000188389	PDCD1
ENSG00000163701	IL17RE
ENSG00000163702	IL17RC
ENSG00000163513	TGFBR2
ENSG00000183813	CCR4
ENSG00000144668	ITGA9
ENSG00000114739	ACVR2B
ENSG00000179934	CCR8
ENSG00000114812	VIPR1
ENSG00000144648	ACKR2
ENSG00000173585	CCR9
ENSG00000172215	CXCR6
ENSG00000183625	CCR3
ENSG00000121807	CCR2
ENSG00000160791	CCR5
ENSG00000160801	PTH1R
ENSG00000173402	DAG1
ENSG00000001617	SEMA3F
ENSG00000012171	SEMA3B
ENSG00000056736	IL17RB
ENSG00000044524	EPHA3
ENSG00000170017	ALCAM
ENSG00000177707	NECTIN3
ENSG00000153283	CD96
ENSG00000144857	BOC
ENSG00000181847	TIGIT
ENSG00000114013	CD86
ENSG00000114554	PLXNA1
ENSG00000169704	GP9
ENSG00000170893	TRH
ENSG00000172752	COL6A5
ENSG00000206384	COL6A6
ENSG00000129048	ACKR4
ENSG00000154928	EPHB1
ENSG00000174564	IL20RB
ENSG00000144891	AGTR1
ENSG00000168811	IL12A
ENSG00000013297	CLDN11
ENSG00000169760	NLGN1
ENSG00000090539	CHRD
ENSG00000182580	EPHB3
ENSG00000113889	KNG1
ENSG00000181092	ADIPOQ
ENSG00000196083	IL1RAP
ENSG00000188729	OSTN
ENSG00000091181	IL5RA
ENSG00000180914	OXTR
ENSG00000157017	GHRL
ENSG00000154764	WNT7A
ENSG00000168329	CX3CR1
ENSG00000187094	CCK
ENSG00000173578	XCR1
ENSG00000163823	CCR1
ENSG00000164050	PLXNB1
ENSG00000145040	UCN2
ENSG00000172037	LAMB2
ENSG00000010319	SEMA3G
ENSG00000114251	WNT5A
ENSG00000144730	IL17RD
ENSG00000163421	PROK2
ENSG00000184500	PROS1
ENSG00000196776	CD47
ENSG00000186265	BTLA
ENSG00000144847	IGSF11
ENSG00000121594	CD80
ENSG00000082684	SEMA5B
ENSG00000082781	ITGB5
ENSG00000004399	PLXND1
ENSG00000163785	RYK
ENSG00000121853	GHSR
ENSG00000121858	TNFSF10
ENSG00000090534	THPO
ENSG00000157005	SST
ENSG00000188958	UTS2B
ENSG00000178732	GP5
ENSG00000068078	FGFR3
ENSG00000134962	KLB
ENSG00000174343	CHRNA9
ENSG00000134853	PDGFRA
ENSG00000157404	KIT
ENSG00000056291	NPFFR2
ENSG00000169429	CXCL8
ENSG00000124875	CXCL6
ENSG00000109272	PF4V1
ENSG00000163739	CXCL1
ENSG00000182585	EPGN
ENSG00000124882	EREG
ENSG00000109321	AREG
ENSG00000156234	CXCL13
ENSG00000138759	FRAS1
ENSG00000138675	FGF5
ENSG00000152785	BMP3
ENSG00000152591	DSPP
ENSG00000152592	DMP1
ENSG00000029559	IBSP
ENSG00000118785	SPP1
ENSG00000138696	BMPR1B
ENSG00000168743	NPNT
ENSG00000138798	EGF
ENSG00000138685	FGF2
ENSG00000164136	IL15
ENSG00000164161	HHIP
ENSG00000151617	EDNRA
ENSG00000185149	NPY2R
ENSG00000171509	RXFP1
ENSG00000164129	NPY5R
ENSG00000248329	APELA
ENSG00000163394	CCKAR
ENSG00000128052	KDR
ENSG00000109255	NMU
ENSG00000145242	EPHA5
ENSG00000109163	GNRHR
ENSG00000163737	PF4
ENSG00000163736	PPBP
ENSG00000163735	CXCL5
ENSG00000163734	CXCL3
ENSG00000081041	CXCL2
ENSG00000174808	BTC
ENSG00000138755	CXCL9
ENSG00000169245	CXCL10
ENSG00000169248	CXCL11
ENSG00000169836	TACR3
ENSG00000155011	DKK2
ENSG00000186867	QRFPR
ENSG00000109471	IL2
ENSG00000138684	IL21
ENSG00000145423	SFRP2
ENSG00000145431	PDGFC
ENSG00000164128	NPY1R
ENSG00000150630	VEGFC
ENSG00000113389	NPR3
ENSG00000182631	RXFP3
ENSG00000168685	IL7R
ENSG00000145623	OSMR
ENSG00000112964	GHR
ENSG00000213949	ITGA1
ENSG00000164171	ITGA2
ENSG00000134363	FST
ENSG00000145649	GZMA
ENSG00000164509	IL31RA
ENSG00000197822	OCLN
ENSG00000122012	SV2C
ENSG00000181104	F2R
ENSG00000164251	F2RL1
ENSG00000113296	THBS4
ENSG00000145777	TSLP
ENSG00000164399	IL3
ENSG00000164400	CSF2
ENSG00000169194	IL13
ENSG00000113520	IL4
ENSG00000164406	LEAP2
ENSG00000226306	NPY6R
ENSG00000061492	WNT8A
ENSG00000164265	SCGB3A2
ENSG00000156427	FGF18
ENSG00000160867	FGFR4
ENSG00000112902	SEMA5A
ENSG00000113494	PRLR
ENSG00000168621	GDNF
ENSG00000113594	LIFR
ENSG00000151882	CCL28
ENSG00000070193	FGF10
ENSG00000134352	IL6ST
ENSG00000164220	F2RL2
ENSG00000184349	EFNA5
ENSG00000092421	SEMA6A
ENSG00000113525	IL5
ENSG00000164404	GDF9
ENSG00000145839	IL9
ENSG00000146013	GFRA3
ENSG00000158458	NRG2
ENSG00000113070	HBEGF
ENSG00000113578	FGF1
ENSG00000127743	IL17B
ENSG00000182578	CSF1R
ENSG00000113721	PDGFRB
ENSG00000019582	CD74
ENSG00000113140	SPARC
ENSG00000132911	NMUR2
ENSG00000135077	HAVCR2
ENSG00000113302	IL12B
ENSG00000037280	FLT4
ENSG00000153162	BMP6
ENSG00000078401	EDN1
ENSG00000204642	HLA-F
ENSG00000204632	HLA-G
ENSG00000206503	HLA-A
ENSG00000204592	HLA-E
ENSG00000226979	LTA
ENSG00000232810	TNF
ENSG00000244731	C4A
ENSG00000204287	HLA-DRA
ENSG00000196735	HLA-DQA1
ENSG00000237541	HLA-DQA2
ENSG00000223865	HLA-DPB1
ENSG00000112164	GLP1R
ENSG00000112715	VEGFA
ENSG00000112115	IL17A
ENSG00000137252	HCRTR2
ENSG00000146374	RSPO3
ENSG00000196569	LAMA2
ENSG00000197594	ENPP1
ENSG00000111981	ULBP1
ENSG00000146469	VIP
ENSG00000112038	OPRM1
ENSG00000130368	MAS1
ENSG00000197081	IGF2R
ENSG00000122194	PLG
ENSG00000112486	CCR6
ENSG00000172179	PRL
ENSG00000204525	HLA-C
ENSG00000234745	HLA-B
ENSG00000227507	LTB
ENSG00000204475	NCR3
ENSG00000204463	BAG6
ENSG00000168477	TNXB
ENSG00000204301	NOTCH4
ENSG00000198502	HLA-DRB5
ENSG00000196126	HLA-DRB1
ENSG00000179344	HLA-DQB1
ENSG00000241106	HLA-DOB
ENSG00000242574	HLA-DMB
ENSG00000204257	HLA-DMA
ENSG00000204252	HLA-DOA
ENSG00000231389	HLA-DPA1
ENSG00000095970	TREM2
ENSG00000112116	IL17F
ENSG00000112175	BMP5
ENSG00000112280	COL9A1
ENSG00000135346	CGA
ENSG00000135333	EPHA7
ENSG00000112769	LAMA4
ENSG00000016402	IL20RA
ENSG00000027697	IFNGR1
ENSG00000135577	NMBR
ENSG00000164520	RAET1E
ENSG00000203722	RAET1G
ENSG00000186340	THBS2
ENSG00000198719	DLL1
ENSG00000105855	ITGB8
ENSG00000136244	IL6
ENSG00000122585	NPY
ENSG00000106128	GHRHR
ENSG00000078549	ADCYAP1R1
ENSG00000187258	NPSR1
ENSG00000146678	IGFBP1
ENSG00000146648	EGFR
ENSG00000188763	FZD9
ENSG00000135218	CD36
ENSG00000157240	FZD1
ENSG00000164692	COL1A2
ENSG00000006128	TAC1
ENSG00000085514	PILRA
ENSG00000130427	EPO
ENSG00000105976	MET
ENSG00000002745	WNT16
ENSG00000106278	PTPRZ1
ENSG00000174697	LEP
ENSG00000128602	SMO
ENSG00000236279	CLEC2L
ENSG00000204983	PRSS1
ENSG00000275896	PRSS2
ENSG00000106123	EPHB6
ENSG00000174469	CNTNAP2
ENSG00000197461	PDGFA
ENSG00000171243	SOSTDC1
ENSG00000105954	NPVF
ENSG00000106113	CRHR2
ENSG00000106483	SFRP4
ENSG00000122641	INHBA
ENSG00000146674	IGFBP3
ENSG00000006606	CCL26
ENSG00000106178	CCL24
ENSG00000075223	SEMA3C
ENSG00000019991	HGF
ENSG00000170381	SEMA3E
ENSG00000075213	SEMA3A
ENSG00000153993	SEMA3D
ENSG00000004948	CALCR
ENSG00000196411	EPHB4
ENSG00000189056	RELN
ENSG00000105835	NAMPT
ENSG00000091136	LAMB1
ENSG00000091129	NRCAM
ENSG00000105989	WNT2
ENSG00000170775	GPR37
ENSG00000128594	LRRC4
ENSG00000128567	PODXL
ENSG00000221866	PLXNA4
ENSG00000105894	PTN
ENSG00000146904	EPHA1
ENSG00000106538	RARRES2
ENSG00000164690	SHH
ENSG00000106018	VIPR2
ENSG00000158815	FGF17
ENSG00000104290	FZD3
ENSG00000157168	NRG1
ENSG00000147432	CHRNB3
ENSG00000288611	NPBWR1
ENSG00000169439	SDC2
ENSG00000164930	FZD6
ENSG00000174417	TRHR
ENSG00000091879	ANGPT2
ENSG00000078579	FGF20
ENSG00000168546	GFRA2
ENSG00000104689	TNFRSF10A
ENSG00000147437	GNRH1
ENSG00000120903	CHRNA2
ENSG00000077782	FGFR1
ENSG00000104332	SFRP1
ENSG00000104371	DKK4
ENSG00000147434	CHRNA6
ENSG00000082556	OPRK1
ENSG00000181195	PENK
ENSG00000147571	CRH
ENSG00000104432	IL7
ENSG00000156466	GDF6
ENSG00000154188	ANGPT1
ENSG00000147655	RSPO2
ENSG00000164761	TNFRSF11B
ENSG00000126233	SLURP1
ENSG00000283992	SLURP2
ENSG00000120217	CD274
ENSG00000197646	PDCD1LG2
ENSG00000137033	IL33
ENSG00000120242	IFNA8
ENSG00000197919	IFNA1
ENSG00000120156	TEK
ENSG00000147896	IFNK
ENSG00000010438	PRSS3
ENSG00000137070	IL11RA
ENSG00000159899	NPR2
ENSG00000135046	ANXA1
ENSG00000148053	NTRK2
ENSG00000106799	TGFBR1
ENSG00000136869	TLR4
ENSG00000050555	LAMC3
ENSG00000196358	NTNG2
ENSG00000107018	RLN1
ENSG00000147869	CER1
ENSG00000164946	FREM1
ENSG00000171855	IFNB1
ENSG00000177047	IFNW1
ENSG00000137080	IFNA21
ENSG00000236637	IFNA4
ENSG00000214042	IFNA7
ENSG00000186803	IFNA10
ENSG00000147885	IFNA16
ENSG00000234829	IFNA17
ENSG00000228083	IFNA14
ENSG00000147873	IFNA5
ENSG00000120235	IFNA6
ENSG00000233816	IFNA13
ENSG00000188379	IFNA2
ENSG00000184995	IFNE
ENSG00000168913	ENHO
ENSG00000122756	CNTFR
ENSG00000213927	CCL27
ENSG00000172724	CCL19
ENSG00000137077	CCL21
ENSG00000137101	CD72
ENSG00000180447	GAS1
ENSG00000187764	SEMA4D
ENSG00000169071	ROR2
ENSG00000185920	PTCH1
ENSG00000181634	TNFSF15
ENSG00000106952	TNFSF8
ENSG00000041982	TNC
ENSG00000106804	C5
ENSG00000136859	ANGPTL2
ENSG00000106991	ENG
ENSG00000188710	QRFP
ENSG00000148400	NOTCH1
ENSG00000178473	UCN3
ENSG00000260314	MRC1
ENSG00000095739	BAMBI
ENSG00000165731	RET
ENSG00000266524	GDF10
ENSG00000263761	GDF2
ENSG00000107984	DKK1
ENSG00000185737	NRG3
ENSG00000107779	BMPR1A
ENSG00000026103	FAS
ENSG00000138185	ENTPD1
ENSG00000075290	WNT8B
ENSG00000095539	SEMA4G
ENSG00000214285	NPS
ENSG00000134470	IL15RA
ENSG00000134460	IL2RA
ENSG00000077943	ITGA8
ENSG00000150093	ITGB1
ENSG00000099250	NRP1
ENSG00000148498	PARD3
ENSG00000177283	FZD8
ENSG00000107562	CXCL12
ENSG00000204174	NPY4R
ENSG00000075073	TACR2
ENSG00000148734	NPFFR1
ENSG00000156574	NODAL
ENSG00000107738	VSIR
ENSG00000197746	PSAP
ENSG00000120057	SFRP5
ENSG00000107831	FGF8
ENSG00000151892	GFRA1
ENSG00000119973	PRLHR
ENSG00000066468	FGFR2
ENSG00000110148	CCKBR
ENSG00000148926	ADM
ENSG00000175868	CALCB
ENSG00000173432	SAA1
ENSG00000131808	FSHB
ENSG00000026508	CD44
ENSG00000110492	MDK
ENSG00000180210	F2
ENSG00000242689	CNTF
ENSG00000013725	CD6
ENSG00000173511	VEGFB
ENSG00000162337	LRP5
ENSG00000069482	GAL
ENSG00000149294	NCAM1
ENSG00000110324	IL10RA
ENSG00000160683	CXCR5
ENSG00000166086	JAM3
ENSG00000070031	SCT
ENSG00000167244	IGF2
ENSG00000254647	INS
ENSG00000129749	CHRNA10
ENSG00000152266	PTH
ENSG00000110680	CALCA
ENSG00000176697	BDNF
ENSG00000148948	LRRC4C
ENSG00000134817	APLNR
ENSG00000110076	NRXN2
ENSG00000175505	CLCF1
ENSG00000162344	FGF19
ENSG00000075388	FGF4
ENSG00000186895	FGF3
ENSG00000085741	WNT11
ENSG00000174804	FZD4
ENSG00000123901	GPR83
ENSG00000170962	PDGFD
ENSG00000150782	IL18
ENSG00000182985	CADM1
ENSG00000076706	MCAM
ENSG00000154096	THY1
ENSG00000110400	NECTIN1
ENSG00000149564	ESAM
ENSG00000064309	CDON
ENSG00000111186	WNT5B
ENSG00000006831	ADIPOR2
ENSG00000185652	NTF3
ENSG00000111321	LTBR
ENSG00000139193	CD27
ENSG00000010610	CD4
ENSG00000139187	KLRG1
ENSG00000069493	CLEC2D
ENSG00000134539	KLRD1
ENSG00000121351	IAPP
ENSG00000018236	CNTN1
ENSG00000125084	WNT1
ENSG00000139567	ACVRL1
ENSG00000135503	ACVR1B
ENSG00000167779	IGFBP6
ENSG00000135409	AMHR2
ENSG00000135414	GDF11
ENSG00000065361	ERBB3
ENSG00000110944	IL23A
ENSG00000123384	LRP1
ENSG00000175189	INHBC
ENSG00000139269	INHBE
ENSG00000133636	NTS
ENSG00000136040	PLXNC1
ENSG00000111432	FZD10
ENSG00000118972	FGF23
ENSG00000111241	FGF6
ENSG00000110799	VWF
ENSG00000067182	TNFRSF1A
ENSG00000184344	GDF3
ENSG00000171860	C3AR1
ENSG00000111796	KLRB1
ENSG00000110848	CD69
ENSG00000110852	CLEC2B
ENSG00000188393	CLEC2A
ENSG00000165682	CLEC1B
ENSG00000213809	KLRK1
ENSG00000205810	KLRC3
ENSG00000205809	KLRC2
ENSG00000134545	KLRC1
ENSG00000070018	LRP6
ENSG00000183150	GPR19
ENSG00000070019	GUCY2C
ENSG00000087494	PTHLH
ENSG00000139219	COL2A1
ENSG00000169884	WNT10B
ENSG00000139549	DHH
ENSG00000139626	ITGB7
ENSG00000139574	NPFF
ENSG00000161638	ITGA5
ENSG00000257780	GLYCAM1
ENSG00000135424	ITGA7
ENSG00000166863	TAC3
ENSG00000166148	AVPR1A
ENSG00000156076	WIF1
ENSG00000111537	IFNG
ENSG00000111536	IL26
ENSG00000127318	IL22
ENSG00000127329	PTPRB
ENSG00000049130	KITLG
ENSG00000011465	DCN
ENSG00000183395	PMCH
ENSG00000017427	IGF1
ENSG00000174600	CMKLR1
ENSG00000110876	SELPLG
ENSG00000204671	IL31
ENSG00000102678	FGF9
ENSG00000133105	RXFP2
ENSG00000133116	KL
ENSG00000150893	FREM2
ENSG00000120659	TNFSF11
ENSG00000102524	TNFSF13B
ENSG00000134871	COL4A2
ENSG00000122025	FLT3
ENSG00000102755	FLT1
ENSG00000133110	POSTN
ENSG00000136160	EDNRB
ENSG00000125266	EFNB2
ENSG00000187498	COL4A1
ENSG00000183087	GAS6
ENSG00000166090	IL25
ENSG00000139874	SSTR1
ENSG00000021645	NRXN3
ENSG00000165409	TSHR
ENSG00000168398	BDKRB2
ENSG00000100739	BDKRB1
ENSG00000185559	DLK1
ENSG00000100448	CTSG
ENSG00000125378	BMP4
ENSG00000119630	PGF
ENSG00000119699	TGFB3
ENSG00000184916	JAG2
ENSG00000175344	CHRNA7
ENSG00000166923	GREM1
ENSG00000137801	THBS1
ENSG00000128917	DLL4
ENSG00000092445	TYRO3
ENSG00000137872	SEMA6D
ENSG00000140285	FGF7
ENSG00000169684	CHRNA5
ENSG00000172349	IL16
ENSG00000185518	SV2B
ENSG00000140443	IGF1R
ENSG00000137809	ITGA11
ENSG00000138623	SEMA7A
ENSG00000173546	CSPG4
ENSG00000169752	NRG4
ENSG00000080644	CHRNA3
ENSG00000117971	CHRNB4
ENSG00000197696	NMB
ENSG00000140538	NTRK3
ENSG00000162009	SSTR5
ENSG00000183971	NPW
ENSG00000006327	TNFRSF12A
ENSG00000048462	TNFRSF17
ENSG00000077238	IL4R
ENSG00000103522	IL21R
ENSG00000197471	SPN
ENSG00000005844	ITGAL
ENSG00000150281	CTF1
ENSG00000169896	ITGAM
ENSG00000140678	ITGAX
ENSG00000102962	CCL22
ENSG00000006210	CX3CL1
ENSG00000102970	CCL17
ENSG00000179776	CDH5
ENSG00000039068	CDH1
ENSG00000157368	IL34
ENSG00000124391	IL17C
ENSG00000129910	CDH15
ENSG00000258839	MC1R
ENSG00000197272	IL27
ENSG00000140937	CDH11
ENSG00000159723	AGRP
ENSG00000090863	GLG1
ENSG00000132386	SERPINF1
ENSG00000185245	GP1BA
ENSG00000169992	NLGN2
ENSG00000170175	CHRNB1
ENSG00000239697	TNFSF12
ENSG00000161955	TNFSF13
ENSG00000108947	EFNB3
ENSG00000065325	GLP2R
ENSG00000170425	ADORA2B
ENSG00000168961	LGALS9
ENSG00000108691	CCL2
ENSG00000108688	CCL7
ENSG00000172156	CCL11
ENSG00000108700	CCL8
ENSG00000181374	CCL13
ENSG00000275385	CCL18
ENSG00000275302	CCL4
ENSG00000141736	ERBB2
ENSG00000108342	CSF3
ENSG00000141753	IGFBP4
ENSG00000108797	CNTNAP1
ENSG00000030582	GRN
ENSG00000180340	FZD2
ENSG00000120088	CRHR1
ENSG00000158955	WNT9B
ENSG00000259207	ITGB3
ENSG00000064300	NGFR
ENSG00000005884	ITGA3
ENSG00000183691	NOG
ENSG00000180616	SSTR2
ENSG00000132470	ITGB4
ENSG00000182687	GALR2
ENSG00000215644	GCGR
ENSG00000183979	NPB
ENSG00000181408	UTS2R
ENSG00000083457	ITGAE
ENSG00000161921	CXCL16
ENSG00000108556	CHRNE
ENSG00000240505	TNFRSF13B
ENSG00000109072	VTN
ENSG00000108702	CCL1
ENSG00000271503	CCL5
ENSG00000275152	CCL16
ENSG00000276409	CCL14
ENSG00000275718	CCL15
ENSG00000274736	CCL23
ENSG00000277632	CCL3
ENSG00000276085	CCL3L1
ENSG00000126353	CCR7
ENSG00000161610	HCRT
ENSG00000184451	CCR10
ENSG00000167941	SOST
ENSG00000108849	PPY
ENSG00000131096	PYY
ENSG00000005961	ITGA2B
ENSG00000108379	WNT3
ENSG00000159224	GIP
ENSG00000176358	TAC4
ENSG00000108821	COL1A1
ENSG00000136457	CHAD
ENSG00000108375	RNF43
ENSG00000259384	GH1
ENSG00000108622	ICAM2
ENSG00000261371	PECAM1
ENSG00000185269	NOTUM
ENSG00000141433	ADCYAP1
ENSG00000173482	PTPRM
ENSG00000154856	APCDD1
ENSG00000176136	MC5R
ENSG00000053747	LAMA3
ENSG00000134760	DSG1
ENSG00000046604	DSG2
ENSG00000134443	GRP
ENSG00000141655	TNFRSF11A
ENSG00000166573	GALR1
ENSG00000101680	LAMA1
ENSG00000185231	MC2R
ENSG00000170558	CDH2
ENSG00000134762	DSC3
ENSG00000134755	DSC2
ENSG00000134765	DSC1
ENSG00000166603	MC4R
ENSG00000150637	CD226
ENSG00000099866	MADCAM1
ENSG00000070388	FGF22
ENSG00000116014	KISS1R
ENSG00000099617	EFNA2
ENSG00000104899	AMH
ENSG00000105246	EBI3
ENSG00000171119	NRTN
ENSG00000125657	TNFSF9
ENSG00000104918	RETN
ENSG00000131142	CCL25
ENSG00000167772	ANGPTL4
ENSG00000090339	ICAM1
ENSG00000105376	ICAM5
ENSG00000171136	RLN3
ENSG00000104998	IL27RA
ENSG00000123146	ADGRE5
ENSG00000127533	F2RL3
ENSG00000130513	GDF15
ENSG00000105695	MAG
ENSG00000012124	CD22
ENSG00000126264	HCST
ENSG00000090932	DLL3
ENSG00000167601	AXL
ENSG00000105388	CEACAM5
ENSG00000073008	PVR
ENSG00000130202	NECTIN2
ENSG00000010310	GIPR
ENSG00000197405	C5AR1
ENSG00000105550	FGF21
ENSG00000090554	FLT3LG
ENSG00000142515	KLK3
ENSG00000171049	FPR2
ENSG00000187474	FPR3
ENSG00000104972	LILRB1
ENSG00000242019	KIR3DL3
ENSG00000243772	KIR2DL3
ENSG00000125498	KIR2DL1
ENSG00000167633	KIR3DL1
ENSG00000221957	KIR2DS4
ENSG00000240403	KIR3DL2
ENSG00000197487	GALP
ENSG00000167680	SEMA6B
ENSG00000125650	PSPN
ENSG00000125726	CD70
ENSG00000125735	TNFSF14
ENSG00000125730	C3
ENSG00000171105	INSR
ENSG00000104921	FCER2
ENSG00000090659	CD209
ENSG00000187266	EPOR
ENSG00000074181	NOTCH3
ENSG00000248099	INSL3
ENSG00000096996	IL12RB1
ENSG00000105664	COMP
ENSG00000130283	GDF1
ENSG00000126246	IGFLR1
ENSG00000011600	TYROBP
ENSG00000105329	TGFB1
ENSG00000079385	CEACAM1
ENSG00000188624	IGFL3
ENSG00000104826	LHB
ENSG00000225950	NTF4
ENSG00000142538	PTH2
ENSG00000131409	LRRC4B
ENSG00000171051	FPR1
ENSG00000204577	LILRB3
ENSG00000131042	LILRB2
ENSG00000088053	GP6
ENSG00000095752	IL11
ENSG00000101405	OXT
ENSG00000125845	BMP2
ENSG00000132671	SSTR4
ENSG00000101017	CD40
ENSG00000124089	MC3R
ENSG00000124205	EDN3
ENSG00000179242	CDH4
ENSG00000101188	NTSR1
ENSG00000092758	COL9A3
ENSG00000125510	OPRL1
ENSG00000101282	RSPO4
ENSG00000101327	PDYN
ENSG00000101200	AVP
ENSG00000125861	GFRA4
ENSG00000088827	SIGLEC1
ENSG00000101292	PROKR2
ENSG00000101384	JAG1
ENSG00000125965	GDF5
ENSG00000118702	GHRH
ENSG00000124145	SDC4
ENSG00000101144	BMP7
ENSG00000130702	LAMA5
ENSG00000101204	CHRNA4
ENSG00000154654	NCAM2
ENSG00000154721	JAM2
ENSG00000159110	IFNAR2
ENSG00000243646	IL10RB
ENSG00000142166	IFNAR1
ENSG00000159128	IFNGR2
ENSG00000142156	COL6A1
ENSG00000142173	COL6A2
ENSG00000142192	APP
ENSG00000160223	ICOSLG
ENSG00000160255	ITGB2
ENSG00000177663	IL17RA
ENSG00000203618	GP1BB
ENSG00000240972	MIF
ENSG00000128271	ADORA2A
ENSG00000183579	ZNRF3
ENSG00000100368	CSF2RB
ENSG00000128310	GALR3
ENSG00000128285	MCHR1
ENSG00000128342	LIF
ENSG00000099985	OSM
ENSG00000100385	IL2RB
ENSG00000278195	SSTR3
ENSG00000100311	PDGFB
ENSG00000159958	TNFRSF13C
ENSG00000188064	WNT7B
ENSG00000196576	PLXNB2
ENSG00000198223	CSF2RA
ENSG00000185291	IL3RA
ENSG00000002586	CD99
ENSG00000126010	GRPR
ENSG00000102312	PORCN
ENSG00000130385	BMP15
ENSG00000090776	EFNB1
ENSG00000158813	EDA
ENSG00000196338	NLGN3
ENSG00000196468	FGF16
ENSG00000188153	COL4A5
ENSG00000131724	IL13RA1
ENSG00000102245	CD40LG
ENSG00000198753	PLXNB3
ENSG00000126895	AVPR2
ENSG00000130827	PLXNA3
ENSG00000124334	IL9R
ENSG00000205755	CRLF2
ENSG00000165197	VEGFD
ENSG00000131080	EDA2R
ENSG00000147168	IL2RG
ENSG00000186810	CXCR3
ENSG00000197565	COL4A6
ENSG00000123496	IL13RA2
ENSG00000171388	APLN
ENSG00000076716	GPC4
ENSG00000102181	CD99L2
ENSG00000198910	L1CAM
SYMBOL:CCL3L3	CCL3L3
SYMBOL:KIR2DL2	KIR2DL2
SYMBOL:PDGF	PDGF
