experiment_id	dataset_id	n_cells_target	seed	baseline_status	dense_status	sparse_exact_status	sparse_stream_status	baseline_elapsed_sec	dense_rcpp_elapsed_sec	sparse_exact_elapsed_sec	sparse_stream_elapsed_sec	baseline_vs_dense_speedup	baseline_vs_sparse_exact_speedup	baseline_vs_sparse_stream_speedup	dense_vs_sparse_exact_speedup	dense_vs_sparse_stream_speedup	sparse_exact_vs_sparse_stream_speedup	n_groups	total_lr_pairs	active_pairs	skipped_pairs	total_pairs_sparse	active_fraction	n_genes_kernel	boot_tri_mean_evals	cache_hits	streamed_lr	max_lr_genes	old_baseline_dense_max_abs_prob_diff	old_baseline_dense_pearson_prob
3CA_data__10X__cells-1000__rep-1__engine-both__ablation-full	3CA_data__10X	1000	112001	ok	ok	ok	ok	200.536	4.276	4.459	2.639	46.8980355472404	44.9733124018838	75.9893899204244	0.958959407939	1.620310723759	1.68965517241379	12	2520	2899	177533	180432	0.0160669947681121	995	131000	197200	276	28	5.55111512312578e-17	1
3CA_data__10X__cells-1000__rep-2__engine-both__ablation-full	3CA_data__10X	1000	112002	ok	ok	ok	ok	187.401	4.188	4.498	2.627	44.7471346704871	41.6631836371721	71.3365055196041	0.931080480213428	1.5942139322421	1.71221926151504	11	1828	2092	138631	140723	0.0148660844353801	995	100600	123100	236	16	8.32667268468867e-17	1
3CA_data__10X__cells-1000__rep-3__engine-both__ablation-full	3CA_data__10X	1000	112003	ok	ok	ok	ok	190.053	4.408	4.309	2.665	43.1154718693285	44.106057089812	71.3144465290807	1.02297516825249	1.65403377110694	1.61688555347092	11	2056	2385	151406	153791	0.0155080596393807	995	107100	141600	255	16	5.55111512312578e-17	1
3CA_data__10X__cells-10000__rep-1__engine-both__ablation-full	3CA_data__10X	10000	112001	ok	ok	ok	ok	475.318	32.519	33.482	14.777	14.6166241274332	14.196224837226	32.1660688908439	0.971238277283316	2.20064965825269	2.26581850172565	25	9217	10578	976297	986875	0.0107186827105763	995	298200	401700	361	16	8.32667268468867e-17	1
3CA_data__10X__cells-10000__rep-2__engine-both__ablation-full	3CA_data__10X	10000	112002	ok	ok	ok	ok	450.517	32.187	33.061	14.822	13.9968620871781	13.6268412933668	30.395155849413	0.973564018027283	2.17156928889489	2.23053569019026	23	8443	9659	839386	849045	0.0113763110318063	995	279500	386500	360	16	8.32667268468867e-17	1
3CA_data__10X__cells-10000__rep-3__engine-both__ablation-full	3CA_data__10X	10000	112003	ok	ok	ok	ok	484.232	29.272	38.913	14.77	16.5424979502596	12.44396474186	32.7848341232228	0.75224218127618	1.98185511171293	2.6345971563981	25	11243	12809	995316	1008125	0.0127057656540608	995	323400	473800	380	16	8.32667268468867e-17	1
3CA_data__10X__cells-25000__rep-1__engine-both__ablation-full	3CA_data__10X	25000	112001	ok	ok	ok	ok	576.171	48.487	53.196	23.966	11.8829995668942	10.8310963230318	24.0411833430693	0.911478306639597	2.0231578068931	2.21964449636986	27	10635	12156	1178301	1190457	0.0102112046046182	995	320700	428100	362	16	8.32667268468867e-17	1
3CA_data__10X__cells-25000__rep-2__engine-both__ablation-full	3CA_data__10X	25000	112002	ok	ok	ok	ok	589.584	46.276	52.796	22.776	12.7405998789869	11.1672096370937	25.886195995785	0.876505795893628	2.03178784685634	2.31805409202669	27	10635	12156	1178301	1190457	0.0102112046046182	995	320700	428100	362	16	8.32667268468867e-17	1
3CA_data__10X__cells-25000__rep-3__engine-both__ablation-full	3CA_data__10X	25000	112003	ok	ok	ok	ok	572.587	46.531	55.361	22.639	12.3054952612237	10.3427864381062	25.292062370246	0.840501436028974	2.05534696762224	2.4453818631565	27	10635	12156	1178301	1190457	0.0102112046046182	995	320700	428100	362	16	8.32667268468867e-17	1
3CA_data__10X__cells-5000__rep-1__engine-both__ablation-full	3CA_data__10X	5000	112001	ok	ok	ok	ok	416.577	17.314	17.85	8.592	24.0601247545339	23.3376470588235	48.4842877094972	0.969971988795518	2.0151303538175	2.07751396648045	24	9406	10815	873345	884160	0.0122319489685125	995	292900	436500	366	16	1.11022302462516e-16	1
3CA_data__10X__cells-5000__rep-2__engine-both__ablation-full	3CA_data__10X	5000	112002	ok	ok	ok	ok	340.446	16.705	17.128	7.85	20.3798862615983	19.876576366184	43.3689171974522	0.975303596450257	2.12802547770701	2.18191082802548	19	6101	6917	556604	563521	0.0122746091095097	995	220200	296100	333	16	8.32667268468867e-17	1
3CA_data__10X__cells-5000__rep-3__engine-both__ablation-full	3CA_data__10X	5000	112003	ok	ok	ok	ok	369.349	16.864	17.173	7.907	21.9016247628083	21.5075409072381	46.7116479069179	0.982006638327607	2.13279372707727	2.17187302390287	21	6777	7763	675346	683109	0.0113642185946899	995	239900	297300	322	16	5.55111512312578e-17	1
3CA_data__10X__cells-50000__rep-1__engine-both__ablation-full	3CA_data__10X	50000	112001	ok	ok	ok	ok	557.789	45.715	58.299	25.055	12.2014437274418	9.56772843444999	22.2625823188984	0.784147240947529	1.82458591099581	2.3268409499102	27	10635	12156	1178301	1190457	0.0102112046046182	995	320700	428100	362	16	8.32667268468867e-17	1
3CA_data__10X__cells-50000__rep-2__engine-both__ablation-full	3CA_data__10X	50000	112002	ok	ok	ok	ok	561.409	45.434	55.844	22.897	12.3565831755954	10.0531659623236	24.5188889374154	0.813587851873075	1.9842774162554	2.43892212953662	27	10635	12156	1178301	1190457	0.0102112046046182	995	320700	428100	362	16	8.32667268468867e-17	1
3CA_data__10X__cells-50000__rep-3__engine-both__ablation-full	3CA_data__10X	50000	112003	ok	ok	ok	ok	566.818	46.549	53.505	25.04	12.1768029388386	10.5937389029063	22.6365015974441	0.869993458555275	1.85898562300319	2.13678115015974	27	10635	12156	1178301	1190457	0.0102112046046182	995	320700	428100	362	16	8.32667268468867e-17	1
3CA_data__10X__cells-all__rep-1__engine-both__ablation-full	3CA_data__10X	all	112001	ok	ok	ok	ok	542.17	45.804	58.048	23.285	11.8367391494193	9.3400289415656	23.2840884689714	0.789071113561191	1.96710328537685	2.49293536611553	27	10635	12156	1178301	1190457	0.0102112046046182	995	320700	428100	362	16	8.32667268468867e-17	1
3CA_data__10X__cells-all__rep-2__engine-both__ablation-full	3CA_data__10X	all	112002	ok	ok	ok	ok	551.974	46.037	53.652	23.333	11.989790820427	10.2880414523224	23.6563665195217	0.858066800864833	1.97304247203531	2.29940427720396	27	10635	12156	1178301	1190457	0.0102112046046182	995	320700	428100	362	16	8.32667268468867e-17	1
3CA_data__10X__cells-all__rep-3__engine-both__ablation-full	3CA_data__10X	all	112003	ok	ok	ok	ok	532.435	45.775	52.575	24.161	11.6315674494812	10.1271516880647	22.0369603907123	0.870660960532572	1.89458217788999	2.1760274823062	27	10635	12156	1178301	1190457	0.0102112046046182	995	320700	428100	362	16	8.32667268468867e-17	1
3CA_data__EGAS00001004422__cells-1000__rep-1__engine-both__ablation-full	3CA_data__EGAS00001004422	1000	101001	ok	ok	ok	ok	163.773	3.305	4.195	2.373	49.5531013615734	39.0400476758045	69.0151706700379	0.787842669845054	1.39275179098188	1.76780446691951	12	1636	2173	182723	184896	0.0117525527864313	1003	79800	80500	148	16	1.11022302462516e-16	1
3CA_data__EGAS00001004422__cells-1000__rep-2__engine-both__ablation-full	3CA_data__EGAS00001004422	1000	101002	ok	ok	ok	ok	149.759	3.24	4.096	2.559	46.2219135802469	36.562255859375	58.5224697147323	0.791015625	1.26611957796014	1.60062524423603	11	1290	1722	147471	149193	0.0115420964790573	1003	64200	70700	137	16	1.11022302462516e-16	1
3CA_data__EGAS00001004422__cells-1000__rep-3__engine-both__ablation-full	3CA_data__EGAS00001004422	1000	101003	ok	ok	ok	ok	165.512	3.347	4.235	2.644	49.4508515088139	39.0819362455726	62.5990922844175	0.790318772136954	1.26588502269289	1.6017397881997	12	1585	1997	190819	192816	0.010357024313335	1003	72400	81200	152	3	1.11022302462516e-16	1
3CA_data__EGAS00001004422__cells-10000__rep-1__engine-both__ablation-full	3CA_data__EGAS00001004422	10000	101001	ok	ok	ok	ok	418.151	32.582	35.248	14.467	12.8338039408262	11.8631128007263	28.9037810188705	0.924364502950522	2.25216008847722	2.43644155664616	25	9237	11134	1013866	1025000	0.0108624390243902	1003	271700	399400	342	28	1.11022302462516e-16	1
3CA_data__EGAS00001004422__cells-10000__rep-2__engine-both__ablation-full	3CA_data__EGAS00001004422	10000	101002	ok	ok	ok	ok	413.6	32.592	33.355	14.815	12.6902307314678	12.3999400389747	27.9176510293621	0.977124868835257	2.19993250084374	2.25143435707054	22	7916	9157	812191	821348	0.0111487457204498	1003	237600	366200	332	28	8.32667268468867e-17	1
3CA_data__EGAS00001004422__cells-10000__rep-3__engine-both__ablation-full	3CA_data__EGAS00001004422	10000	101003	ok	ok	ok	ok	438.509	32.615	36.662	15.115	13.4450099647401	11.9608586547379	29.0115117433014	0.889613223501173	2.15779027456169	2.42553754548462	23	7981	9311	854017	863328	0.0107850087104785	1003	234900	362900	327	28	1.38777878078145e-16	1
3CA_data__EGAS00001004422__cells-25000__rep-1__engine-both__ablation-full	3CA_data__EGAS00001004422	25000	101001	ok	ok	ok	ok	727.146	81.19	80.01	35.312	8.95610296834585	9.08818897637795	20.5920367014046	1.01474815648044	2.29921839601269	2.26580199365655	30	13675	15518	1561282	1576800	0.00984145104008118	1003	324900	491400	373	28	1.11022302462516e-16	1
3CA_data__EGAS00001004422__cells-25000__rep-2__engine-both__ablation-full	3CA_data__EGAS00001004422	25000	101002	ok	ok	ok	ok	683.49	81.443	84.274	35.502	8.39224979433469	8.11033058831906	19.2521548081798	0.966407195576334	2.29403977240719	2.37378175877415	29	13558	15425	1443710	1459135	0.0105713316451185	1003	324400	514900	389	28	1.38777878078145e-16	1
3CA_data__EGAS00001004422__cells-25000__rep-3__engine-both__ablation-full	3CA_data__EGAS00001004422	25000	101003	ok	ok	ok	ok	690.737	83.393	79.754	33.878	8.28291343398127	8.66084459713619	20.3889544837358	1.04562780550192	2.46156797921955	2.3541531377295	28	12128	13691	1361445	1375136	0.00995610615968166	1003	293800	458800	354	28	1.11022302462516e-16	1
3CA_data__EGAS00001004422__cells-5000__rep-1__engine-both__ablation-full	3CA_data__EGAS00001004422	5000	101001	ok	ok	ok	ok	294.464	14.864	18.234	8.148	19.810548977395	16.1491718767138	36.1394207167403	0.815180432159702	1.82425135002455	2.23784977908689	19	6252	7282	563098	570380	0.0127669273116168	1003	198300	335600	316	28	8.32667268468867e-17	1
3CA_data__EGAS00001004422__cells-5000__rep-2__engine-both__ablation-full	3CA_data__EGAS00001004422	5000	101002	ok	ok	ok	ok	307.781	14.781	18.215	8.349	20.822745416413	16.8971177600878	36.864414899988	0.811474059840791	1.7703916636723	2.18169840699485	20	6897	8068	631532	639600	0.012614133833646	1003	220200	356000	337	28	1.11022302462516e-16	1
3CA_data__EGAS00001004422__cells-5000__rep-3__engine-both__ablation-full	3CA_data__EGAS00001004422	5000	101003	ok	ok	ok	ok	300.087	15.335	17.283	8.274	19.5687642647538	17.3631314007985	36.2686729514141	0.887288086559046	1.85339618080735	2.08883248730965	20	5448	6637	617763	624400	0.0106294042280589	1003	181600	225600	249	28	1.11022302462516e-16	1
3CA_data__EGAS00001004422__cells-50000__rep-1__engine-both__ablation-full	3CA_data__EGAS00001004422	50000	101001	ok	ok	ok	ok	1011.184	189.977	170.917	71.257	5.32266537528227	5.91622834475213	14.1906619700521	1.11151611600953	2.66608192879296	2.3985994358449	31	14184	16036	1695505	1711541	0.00936933441851525	1003	330700	521300	382	28	1.11022302462516e-16	1
3CA_data__EGAS00001004422__cells-50000__rep-2__engine-both__ablation-full	3CA_data__EGAS00001004422	50000	101002	ok	ok	ok	ok	964.864	178.692	168.608	67.369	5.3995925950798	5.72252799392674	14.3220769196515	1.05980736382615	2.65243658062314	2.50275349196218	32	15400	17425	1768431	1785856	0.0097572256665711	1003	343900	540500	371	28	1.11022302462516e-16	1
3CA_data__EGAS00001004422__cells-50000__rep-3__engine-both__ablation-full	3CA_data__EGAS00001004422	50000	101003	ok	ok	ok	ok	1007.251	180.067	170.88	68.535	5.59375676831402	5.89449321161049	14.6968848033851	1.05376287453184	2.62737287517327	2.49332457868242	32	14531	16738	1788574	1805312	0.00927152758082813	1003	345300	523400	391	28	1.11022302462516e-16	1
3CA_data__EGAS00001004422__cells-all__rep-1__engine-both__ablation-full	3CA_data__EGAS00001004422	all	101001	ok	ok	ok	ok	1572.552	412.201	382.793	141.648	3.8150125788147	4.10810020036939	11.1018298881735	1.076824811321	2.91003755788998	2.70242431943974	32	15332	17372	1789988	1807360	0.00961180949008499	1003	346100	547900	374	28	1.11022302462516e-16	1
3CA_data__EGAS00001004422__cells-all__rep-2__engine-both__ablation-full	3CA_data__EGAS00001004422	all	101002	ok	ok	ok	ok	1535.642	427.007	364.273	133.983	3.5962923324442	4.2156349770639	11.4614689923348	1.17221699110283	3.18702372689072	2.71880014628722	32	15332	17372	1789988	1807360	0.00961180949008499	1003	346100	547900	374	28	1.11022302462516e-16	1
3CA_data__EGAS00001004422__cells-all__rep-3__engine-both__ablation-full	3CA_data__EGAS00001004422	all	101003	ok	ok	ok	ok	1600.082	392.184	370.199	144.802	4.07992676906758	4.32222129179171	11.050137429041	1.05938697835488	2.70841562961838	2.55658761619315	32	15332	17372	1789988	1807360	0.00961180949008499	1003	346100	547900	374	28	1.11022302462516e-16	1
3CA_data__Group1__cells-1000__rep-1__engine-both__ablation-full	3CA_data__Group1	1000	108001	ok	ok	ok	ok	89.528	2.821	2.761	2.114	31.7362637362637	32.4259326331039	42.3500473036897	1.02173125679102	1.33443708609272	1.30605487228004	12	1510	2287	55169	57456	0.0398043720412141	429	103500	89400	156	6	5.55111512312578e-17	1
3CA_data__Group1__cells-1000__rep-2__engine-both__ablation-full	3CA_data__Group1	1000	108002	ok	ok	ok	ok	80.281	2.897	2.759	1.869	27.7117707973766	29.0978615440377	42.9539860888176	1.05001812250816	1.55002675227394	1.47619047619048	11	1218	1908	46734	48642	0.0392253607993092	429	81100	51400	107	6	5.55111512312578e-17	1
3CA_data__Group1__cells-1000__rep-3__engine-both__ablation-full	3CA_data__Group1	1000	108003	ok	ok	ok	ok	82.828	2.773	2.725	1.939	29.869455463397	30.3955963302752	42.7168643630737	1.01761467889908	1.43011861784425	1.40536358947911	11	1168	1775	44689	46464	0.0382016184573003	429	80700	71900	139	6	5.55111512312578e-17	1
3CA_data__Group1__cells-10000__rep-1__engine-both__ablation-full	3CA_data__Group1	10000	108001	ok	ok	ok	ok	208.875	24.356	24.925	16.35	8.57591558548202	8.38014042126379	12.7752293577982	0.977171514543631	1.48966360856269	1.52446483180428	23	6741	9015	215281	224296	0.0401924242964654	429	241700	261700	255	6	5.55111512312578e-17	1
3CA_data__Group1__cells-10000__rep-2__engine-both__ablation-full	3CA_data__Group1	10000	108002	ok	ok	ok	ok	213.798	25.089	26.4	17.085	8.52158316393639	8.09840909090909	12.5137840210711	0.950340909090909	1.4684811237928	1.54521510096576	23	7455	9831	214465	224296	0.0438304740164782	429	267200	290600	272	13	5.55111512312578e-17	1
3CA_data__Group1__cells-10000__rep-3__engine-both__ablation-full	3CA_data__Group1	10000	108003	ok	ok	ok	ok	201.696	24.668	25.08	16.778	8.17642289605967	8.04210526315789	12.0214566694481	0.983572567783094	1.47025867207057	1.49481463821671	22	6590	8720	196496	205216	0.0424918135038204	429	232800	245700	223	13	5.55111512312578e-17	1
3CA_data__Group1__cells-25000__rep-1__engine-both__ablation-full	3CA_data__Group1	25000	108001	ok	ok	ok	ok	297.834	60.207	59.514	39.697	4.94683342468484	5.00443593104144	7.50268282237952	1.01164431898377	1.51666372773761	1.49920648915535	25	8286	10805	254195	265000	0.0407735849056604	429	260400	279100	235	6	5.55111512312578e-17	1
3CA_data__Group1__cells-25000__rep-2__engine-both__ablation-full	3CA_data__Group1	25000	108002	ok	ok	ok	ok	297.895	61.392	61.385	39.52	4.85234232473286	4.8528956585485	7.53782894736842	1.00011403437322	1.55344129554656	1.55326417004049	25	8269	10755	254245	265000	0.0405849056603774	429	258900	276500	235	6	5.55111512312578e-17	1
3CA_data__Group1__cells-25000__rep-3__engine-both__ablation-full	3CA_data__Group1	25000	108003	ok	ok	ok	ok	291.538	60.92	61.95	39.399	4.78558765594222	4.70602098466505	7.39962943221909	0.983373688458434	1.54623213787152	1.57237493337394	24	7636	9894	234330	244224	0.0405119889937107	429	240800	256400	220	6	5.55111512312578e-17	1
3CA_data__Group1__cells-5000__rep-1__engine-both__ablation-full	3CA_data__Group1	5000	108001	ok	ok	ok	ok	164.902	12.637	13.114	8.739	13.0491414101448	12.5745005337807	18.869664721364	0.963626658532866	1.44604645840485	1.5006293626273	19	4518	6188	146876	153064	0.0404275335807244	429	198700	206100	237	6	5.55111512312578e-17	1
3CA_data__Group1__cells-5000__rep-2__engine-both__ablation-full	3CA_data__Group1	5000	108002	ok	ok	ok	ok	161.955	12.565	12.933	8.313	12.8893752487067	12.5226165622825	19.4821364128473	0.971545658393258	1.51148803079514	1.55575604474919	18	4030	5522	131530	137052	0.0402912763038847	429	187200	197300	254	6	5.55111512312578e-17	1
3CA_data__Group1__cells-5000__rep-3__engine-both__ablation-full	3CA_data__Group1	5000	108003	ok	ok	ok	ok	168.459	12.744	13.168	8.626	13.2186911487759	12.7930589307412	19.5292140041734	0.967800729040097	1.47739392534199	1.52654764664966	20	4910	6626	162974	169600	0.0390683962264151	429	205600	206400	220	13	5.55111512312578e-17	1
3CA_data__Group1__cells-50000__rep-1__engine-both__ablation-full	3CA_data__Group1	50000	108001	ok	ok	ok	ok	294.113	67.109	62.883	41.618	4.38261634058025	4.67714644657539	7.06696621654092	1.0672041728289	1.61249939929838	1.51095679753953	24	7589	9701	234523	244224	0.039721730870021	429	244200	252800	221	6	5.55111512312578e-17	1
3CA_data__Group1__cells-50000__rep-2__engine-both__ablation-full	3CA_data__Group1	50000	108002	ok	ok	ok	ok	296.056	66.546	62.964	41.627	4.4488924954167	4.70198843783749	7.11211473322603	1.05688965122927	1.59862589184904	1.51257597232565	24	7589	9701	234523	244224	0.039721730870021	429	244200	252800	221	6	5.55111512312578e-17	1
3CA_data__Group1__cells-50000__rep-3__engine-both__ablation-full	3CA_data__Group1	50000	108003	ok	ok	ok	ok	295.025	64.278	63.037	41.556	4.58982855720464	4.68018782619731	7.09945615554914	1.01968685057982	1.54678024833959	1.51691693136972	24	7589	9701	234523	244224	0.039721730870021	429	244200	252800	221	6	5.55111512312578e-17	1
3CA_data__Group1__cells-all__rep-1__engine-both__ablation-full	3CA_data__Group1	all	108001	ok	ok	ok	ok	297.755	66.657	65.452	41.583	4.4669727110431	4.54921163600807	7.16049828054734	1.01841043818371	1.60298679748936	1.57400860928745	24	7589	9701	234523	244224	0.039721730870021	429	244200	252800	221	6	5.55111512312578e-17	1
3CA_data__Group1__cells-all__rep-2__engine-both__ablation-full	3CA_data__Group1	all	108002	ok	ok	ok	ok	292.954	66.08	63.124	44.222	4.43332324455206	4.64092896521133	6.62462122925241	1.04682846460934	1.49427886572294	1.42743430871512	24	7589	9701	234523	244224	0.039721730870021	429	244200	252800	221	6	5.55111512312578e-17	1
3CA_data__Group1__cells-all__rep-3__engine-both__ablation-full	3CA_data__Group1	all	108003	ok	ok	ok	ok	303.085	64.716	62.823	41.751	4.68330860992645	4.82442735940659	7.25934708150703	1.03013227639559	1.55004670546813	1.50470647409643	24	7589	9701	234523	244224	0.039721730870021	429	244200	252800	221	6	5.55111512312578e-17	1
3CA_data__Group2__cells-1000__rep-1__engine-both__ablation-full	3CA_data__Group2	1000	106001	ok	ok	ok	ok	144.568	4.393	4.677	2.776	32.9087184156613	30.9104126576866	52.0778097982709	0.939277314517853	1.58249279538905	1.68479827089337	8	727	1060	68700	69760	0.0151949541284404	1010	68200	73000	206	16	5.55111512312578e-17	1
3CA_data__Group2__cells-1000__rep-2__engine-both__ablation-full	3CA_data__Group2	1000	106002	ok	ok	ok	ok	154.845	4.341	4.667	2.909	35.6703524533518	33.1787015213199	53.2296321760055	0.930147846582387	1.49226538329323	1.60433138535579	9	829	1195	97382	98577	0.0121225032208324	1010	76500	69500	181	16	5.55111512312578e-17	1
3CA_data__Group2__cells-1000__rep-3__engine-both__ablation-full	3CA_data__Group2	1000	106003	ok	ok	ok	ok	147.44	4.362	4.725	2.66	33.8010087116002	31.2042328042328	55.4285714285714	0.923174603174603	1.63984962406015	1.77631578947368	8	807	1130	66134	67264	0.0167994766888677	1010	72400	87100	210	16	8.32667268468867e-17	1
3CA_data__Group2__cells-10000__rep-1__engine-both__ablation-full	3CA_data__Group2	10000	106001	ok	ok	ok	ok	424.179	38.509	39.872	20.242	11.0150614142149	10.638518258427	20.9553897836182	0.965815609951846	1.90243058986266	1.96976583341567	20	5564	7130	667270	674400	0.0105723606168446	1010	252600	339500	364	16	9.71445146547012e-17	1
3CA_data__Group2__cells-10000__rep-2__engine-both__ablation-full	3CA_data__Group2	10000	106002	ok	ok	ok	ok	408.814	38.274	39.011	19.239	10.681245754298	10.4794545128297	21.2492333281356	0.981107892645664	1.98939653828162	2.02770414262696	19	4890	6248	615033	621281	0.0100566410368255	1010	225000	323900	355	16	5.55111512312578e-17	1
3CA_data__Group2__cells-10000__rep-3__engine-both__ablation-full	3CA_data__Group2	10000	106003	ok	ok	ok	ok	426.837	38.037	40.179	20.279	11.2216263112233	10.6233853505563	21.0482272301396	0.946688568655268	1.87568420533557	1.98131071551852	20	6042	7613	666787	674400	0.0112885527876631	1010	258200	355700	376	16	8.32667268468867e-17	1
3CA_data__Group2__cells-25000__rep-1__engine-both__ablation-full	3CA_data__Group2	25000	106001	ok	ok	ok	ok	588.291	94.677	93.714	49.001	6.21366329731614	6.27751456559319	12.0056937613518	1.01027594596325	1.93214424195425	1.91249158180445	21	5942	7452	769590	777042	0.00959021520072274	1010	257700	343400	363	16	5.55111512312578e-17	1
3CA_data__Group2__cells-25000__rep-2__engine-both__ablation-full	3CA_data__Group2	25000	106002	ok	ok	ok	ok	592.494	94.359	92.996	44.396	6.27914666327536	6.3711772549357	13.3456617713308	1.0146565443675	2.12539417965582	2.09469321560501	21	5945	7520	755851	763371	0.00985104228481302	1010	254800	330800	356	16	5.55111512312578e-17	1
3CA_data__Group2__cells-25000__rep-3__engine-both__ablation-full	3CA_data__Group2	25000	106003	ok	ok	ok	ok	565.427	94.683	93.645	44.623	5.97179007847238	6.03798387527364	12.6712009501826	1.01108441454429	2.12184299576452	2.09858144902853	20	5590	7058	688142	695200	0.0101524741081703	1010	242000	324700	352	16	8.32667268468867e-17	1
3CA_data__Group2__cells-5000__rep-1__engine-both__ablation-full	3CA_data__Group2	5000	106001	ok	ok	ok	ok	307.014	19.412	21.346	10.345	15.8156810220482	14.382741497236	29.6775253745771	0.909397545207533	1.87646205896568	2.06341227646206	16	2752	3745	405087	408832	0.00916024185973701	1010	181700	197800	311	16	5.55111512312578e-17	1
3CA_data__Group2__cells-5000__rep-2__engine-both__ablation-full	3CA_data__Group2	5000	106002	ok	ok	ok	ok	306.546	19.711	20.177	11.531	15.5520267870732	15.1928433364722	26.5845113173185	0.976904396094563	1.70939207354089	1.7498048738184	16	3440	4491	409717	414208	0.0108423787082818	1010	207800	249900	344	28	5.55111512312578e-17	1
3CA_data__Group2__cells-5000__rep-3__engine-both__ablation-full	3CA_data__Group2	5000	106003	ok	ok	ok	ok	296.401	19.478	20.679	10.461	15.2172194270459	14.333430049809	28.3339068922665	0.941921756371198	1.86196348341459	1.97677086320619	15	3213	4144	350906	355050	0.0116715955499225	1010	178200	238800	341	16	5.55111512312578e-17	1
3CA_data__Group2__cells-50000__rep-1__engine-both__ablation-full	3CA_data__Group2	50000	106001	ok	ok	ok	ok	604.808	108.862	107.638	50.939	5.55573110911062	5.61890782065813	11.8731816486386	1.01137144874487	2.13710516500128	2.11307642474332	20	5507	6874	690326	697200	0.00985943775100402	1010	237600	316300	350	16	8.32667268468867e-17	1
3CA_data__Group2__cells-50000__rep-2__engine-both__ablation-full	3CA_data__Group2	50000	106002	ok	ok	ok	ok	606.032	113.43	114.588	56.066	5.34278409591819	5.28879114741509	10.8092605143938	0.989894229762279	2.02315128598438	2.04380551492883	20	5507	6874	690326	697200	0.00985943775100402	1010	237600	316300	350	16	8.32667268468867e-17	1
3CA_data__Group2__cells-50000__rep-3__engine-both__ablation-full	3CA_data__Group2	50000	106003	ok	ok	ok	ok	611.265	113.91	106.408	56.189	5.36621016592046	5.74453988421923	10.878730712417	1.07050221787835	2.02726512306679	1.89375144601256	20	5507	6874	690326	697200	0.00985943775100402	1010	237600	316300	350	16	8.32667268468867e-17	1
3CA_data__Group2__cells-all__rep-1__engine-both__ablation-full	3CA_data__Group2	all	106001	ok	ok	ok	ok	614.741	109.482	106.989	51.164	5.61499607241373	5.74583368383666	12.0151082792589	1.02330146089785	2.13982487686655	2.0910992103823	20	5507	6874	690326	697200	0.00985943775100402	1010	237600	316300	350	16	8.32667268468867e-17	1
3CA_data__Group2__cells-all__rep-2__engine-both__ablation-full	3CA_data__Group2	all	106002	ok	ok	ok	ok	615.435	109.214	115.117	51.442	5.63512919589064	5.34616954924121	11.9636678200692	0.948721735278021	2.12305120329692	2.23780179619766	20	5507	6874	690326	697200	0.00985943775100402	1010	237600	316300	350	16	8.32667268468867e-17	1
3CA_data__Group2__cells-all__rep-3__engine-both__ablation-full	3CA_data__Group2	all	106003	ok	ok	ok	ok	611.951	108.681	113.407	51.129	5.63070821946798	5.39606020792367	11.9687652799781	0.958327087393194	2.12562342310626	2.2180562889945	20	5507	6874	690326	697200	0.00985943775100402	1010	237600	316300	350	16	8.32667268468867e-17	1
3CA_data__PRJNA289244__cells-1000__rep-1__engine-both__ablation-full	3CA_data__PRJNA289244	1000	107001	ok	ok	ok	ok	164.427	6.465	6.479	5.044	25.4334106728538	25.3784534650409	32.5985329103886	0.997839172711838	1.28172085646312	1.28449643140365	9	2349	6054	85314	91368	0.0662595219332808	997	178300	246400	235	16	1.11022302462516e-16	1
3CA_data__PRJNA289244__cells-1000__rep-2__engine-both__ablation-full	3CA_data__PRJNA289244	1000	107002	ok	ok	ok	ok	170.944	6.185	6.533	4.825	27.6384801940178	26.1662329710699	35.4288082901554	0.946731976121231	1.28186528497409	1.3539896373057	9	2439	6630	85143	91773	0.0722434703017227	997	210300	444200	274	28	1.11022302462516e-16	1
3CA_data__PRJNA289244__cells-1000__rep-3__engine-both__ablation-full	3CA_data__PRJNA289244	1000	107003	ok	ok	ok	ok	164.557	6.766	6.45	4.728	24.3211646467632	25.5127131782946	34.8047800338409	1.04899224806202	1.43104906937394	1.36421319796954	9	2391	6100	79031	85131	0.0716542740012451	997	184700	276600	256	16	5.55111512312578e-17	1
3CA_data__PRJNA289244__cells-10000__rep-1__engine-both__ablation-full	3CA_data__PRJNA289244	10000	107001	ok	ok	ok	ok	235.168	24.988	25.598	17.423	9.4112373939491	9.18696773185405	13.4975606956322	0.976170013282288	1.43419617746657	1.46920736956896	11	4840	10205	162341	172546	0.059143648650215	997	261900	527000	261	28	5.55111512312578e-17	1
3CA_data__PRJNA289244__cells-10000__rep-2__engine-both__ablation-full	3CA_data__PRJNA289244	10000	107002	ok	ok	ok	ok	232.551	24.017	24.353	16.998	9.68276637381854	9.54917258653965	13.6810801270738	0.986202931876976	1.41293093305095	1.43269796446641	11	4840	10205	162341	172546	0.059143648650215	997	261900	527000	261	28	5.55111512312578e-17	1
3CA_data__PRJNA289244__cells-10000__rep-3__engine-both__ablation-full	3CA_data__PRJNA289244	10000	107003	ok	ok	ok	ok	235.015	24.213	26.329	15.989	9.70614958906373	8.92608910327016	14.6985427481393	0.919632344563029	1.51435361811245	1.64669460253925	11	4840	10205	162341	172546	0.059143648650215	997	261900	527000	261	28	5.55111512312578e-17	1
3CA_data__PRJNA289244__cells-25000__rep-1__engine-both__ablation-full	3CA_data__PRJNA289244	25000	107001	ok	ok	ok	ok	236.762	25.301	25.206	17.676	9.35781194419193	9.39308101245735	13.3945462774383	1.00376894390225	1.43137587689523	1.42600135777325	11	4840	10205	162341	172546	0.059143648650215	997	261900	527000	261	28	5.55111512312578e-17	1
3CA_data__PRJNA289244__cells-25000__rep-2__engine-both__ablation-full	3CA_data__PRJNA289244	25000	107002	ok	ok	ok	ok	234.78	24.14	25.713	17.96	9.72576636288318	9.13078987282698	13.0723830734967	0.938824719013728	1.34409799554566	1.43168151447661	11	4840	10205	162341	172546	0.059143648650215	997	261900	527000	261	28	5.55111512312578e-17	1
3CA_data__PRJNA289244__cells-25000__rep-3__engine-both__ablation-full	3CA_data__PRJNA289244	25000	107003	ok	ok	ok	ok	237.586	24.438	24.252	17.833	9.72199034290859	9.79655286161966	13.3228284640834	1.00766947055913	1.37038075478046	1.35995065328324	11	4840	10205	162341	172546	0.059143648650215	997	261900	527000	261	28	5.55111512312578e-17	1
3CA_data__PRJNA289244__cells-5000__rep-1__engine-both__ablation-full	3CA_data__PRJNA289244	5000	107001	ok	ok	ok	ok	234.222	24.395	25.3	16.756	9.60122976019676	9.25778656126482	13.9783957985199	0.964229249011858	1.45589639532108	1.50990689902125	11	4840	10205	162341	172546	0.059143648650215	997	261900	527000	261	28	5.55111512312578e-17	1
3CA_data__PRJNA289244__cells-5000__rep-2__engine-both__ablation-full	3CA_data__PRJNA289244	5000	107002	ok	ok	ok	ok	235.682	24.479	25.475	17.825	9.62792597736836	9.2515014720314	13.2219915848527	0.96090284592738	1.37329593267882	1.42917251051893	11	4840	10205	162341	172546	0.059143648650215	997	261900	527000	261	28	5.55111512312578e-17	1
3CA_data__PRJNA289244__cells-5000__rep-3__engine-both__ablation-full	3CA_data__PRJNA289244	5000	107003	ok	ok	ok	ok	234.185	24.217	24.308	17.026	9.67027294875501	9.63407108770775	13.7545518618583	0.996256376501563	1.42235404675203	1.42769881357923	11	4840	10205	162341	172546	0.059143648650215	997	261900	527000	261	28	5.55111512312578e-17	1
3CA_data__PRJNA289244__cells-50000__rep-1__engine-both__ablation-full	3CA_data__PRJNA289244	50000	107001	ok	ok	ok	ok	240.146	24.257	25.355	17.238	9.90007008286268	9.47134687438375	13.9311985149089	0.956694931966082	1.4071818076343	1.47087829214526	11	4840	10205	162341	172546	0.059143648650215	997	261900	527000	261	28	5.55111512312578e-17	1
3CA_data__PRJNA289244__cells-50000__rep-2__engine-both__ablation-full	3CA_data__PRJNA289244	50000	107002	ok	ok	ok	ok	237.7	24.246	25.357	16.355	9.80367895735379	9.37413731908349	14.533781718129	0.956185668651654	1.4824824212779	1.5504127178233	11	4840	10205	162341	172546	0.059143648650215	997	261900	527000	261	28	5.55111512312578e-17	1
3CA_data__PRJNA289244__cells-50000__rep-3__engine-both__ablation-full	3CA_data__PRJNA289244	50000	107003	ok	ok	ok	ok	234.458	24.006	26.231	16.654	9.7666416729151	8.93820288971065	14.0781794163564	0.915176699325226	1.4414555061847	1.57505704335295	11	4840	10205	162341	172546	0.059143648650215	997	261900	527000	261	28	5.55111512312578e-17	1
3CA_data__PRJNA289244__cells-all__rep-1__engine-both__ablation-full	3CA_data__PRJNA289244	all	107001	ok	ok	ok	ok	235.681	24.344	25.509	15.876	9.68127670062438	9.23913128699675	14.8451121189216	0.954329844368654	1.53338372385991	1.6067649281935	11	4840	10205	162341	172546	0.059143648650215	997	261900	527000	261	28	5.55111512312578e-17	1
3CA_data__PRJNA289244__cells-all__rep-2__engine-both__ablation-full	3CA_data__PRJNA289244	all	107002	ok	ok	ok	ok	239.567	24.183	25.184	17.128	9.90642186660051	9.512666772554	13.9868636151331	0.960252541296061	1.41189864549276	1.47034096216721	11	4840	10205	162341	172546	0.059143648650215	997	261900	527000	261	28	5.55111512312578e-17	1
3CA_data__PRJNA289244__cells-all__rep-3__engine-both__ablation-full	3CA_data__PRJNA289244	all	107003	ok	ok	ok	ok	238.859	24.222	24.871	15.964	9.86124184625547	9.60391620763138	14.962352793786	0.97390535161433	1.51728890002506	1.55794287146079	11	4840	10205	162341	172546	0.059143648650215	997	261900	527000	261	28	5.55111512312578e-17	1
3CA_data__PRJNA395045__cells-1000__rep-1__engine-both__ablation-full	3CA_data__PRJNA395045	1000	102001	ok	ok	ok	ok	217.742	4.715	5.175	3.347	46.1806998939555	42.0757487922705	65.0558709291903	0.911111111111111	1.40872423065432	1.54616074096206	11	5710	7041	161633	168674	0.0417432443648695	1011	231500	781700	451	28	8.32667268468867e-17	1
3CA_data__PRJNA395045__cells-1000__rep-2__engine-both__ablation-full	3CA_data__PRJNA395045	1000	102002	ok	ok	ok	ok	233.497	5.128	5.292	3.444	45.533736349454	44.1226379440665	67.798199767712	0.969009826152683	1.48896631823461	1.53658536585366	12	5979	7897	203063	210960	0.0374336367083807	1011	252100	762900	503	28	8.32667268468867e-17	1
3CA_data__PRJNA395045__cells-1000__rep-3__engine-both__ablation-full	3CA_data__PRJNA395045	1000	102003	ok	ok	ok	ok	253.308	5.026	5.164	3.61	50.3995224830879	49.0526723470178	70.1684210526316	0.973276529821844	1.39224376731302	1.43047091412742	13	7178	9272	240510	249782	0.0371203689617346	1011	276900	877600	510	28	8.32667268468867e-17	1
3CA_data__PRJNA395045__cells-10000__rep-1__engine-both__ablation-full	3CA_data__PRJNA395045	10000	102001	ok	ok	ok	ok	430.119	38.441	40.671	23.687	11.1890689628261	10.575569816331	18.1584413391312	0.945169776990976	1.62287330603285	1.71701777346224	19	16981	20250	614749	634999	0.0318898139997071	1011	406800	1399600	502	28	5.55111512312578e-17	1
3CA_data__PRJNA395045__cells-10000__rep-2__engine-both__ablation-full	3CA_data__PRJNA395045	10000	102002	ok	ok	ok	ok	403.265	38.887	40.969	22.694	10.3701751227917	9.84317410725182	17.7696748039129	0.949181088139813	1.71353661760818	1.80527892835111	17	13628	16087	483016	499103	0.0322318238920624	1011	367700	1246900	531	28	5.55111512312578e-17	1
3CA_data__PRJNA395045__cells-10000__rep-3__engine-both__ablation-full	3CA_data__PRJNA395045	10000	102003	ok	ok	ok	ok	435.895	39.653	40.248	22.608	10.9927369934179	10.8302275889485	19.2805644019816	0.985216656728285	1.75393665958953	1.78025477707006	19	16716	19749	607669	627418	0.031476623240009	1011	414900	1332700	546	28	5.55111512312578e-17	1
3CA_data__PRJNA395045__cells-25000__rep-1__engine-both__ablation-full	3CA_data__PRJNA395045	25000	102001	ok	ok	ok	ok	645.223	97.049	104.764	52.291	6.64842502241136	6.15882364170898	12.3390832074353	0.926358291015998	1.85594079287067	2.00348052246084	22	19974	23701	848951	872652	0.027159738360767	1011	465800	1486600	521	28	4.16333634234434e-17	1
3CA_data__PRJNA395045__cells-25000__rep-2__engine-both__ablation-full	3CA_data__PRJNA395045	25000	102002	ok	ok	ok	ok	645.376	96.092	106.048	52.518	6.71623027931566	6.08569704284852	12.2886629346129	0.906117984308992	1.82969648501466	2.01926958376176	23	26848	31146	922112	953258	0.0326732112397693	1011	519600	1845300	567	28	1.11022302462516e-16	1
3CA_data__PRJNA395045__cells-25000__rep-3__engine-both__ablation-full	3CA_data__PRJNA395045	25000	102003	ok	ok	ok	ok	623.882	93.962	96.811	56.752	6.63972669802686	6.44432967328093	10.9931279954891	0.970571525962959	1.65565971243304	1.70586058641105	21	18662	21953	768319	790272	0.027779043164885	1011	447000	1491800	525	28	5.55111512312578e-17	1
3CA_data__PRJNA395045__cells-5000__rep-1__engine-both__ablation-full	3CA_data__PRJNA395045	5000	102001	ok	ok	ok	ok	320.876	20.048	22.066	11.777	16.0053870710295	14.541647783921	27.2459879426	0.908547086014683	1.70230109535535	1.87365203362486	15	9351	11169	357156	368325	0.0303237629810629	1011	309100	1007000	505	28	5.55111512312578e-17	1
3CA_data__PRJNA395045__cells-5000__rep-2__engine-both__ablation-full	3CA_data__PRJNA395045	5000	102002	ok	ok	ok	ok	347.196	20.008	22.035	11.988	17.3528588564574	15.7565690946222	28.961961961962	0.908009984116179	1.669002335669	1.83808808808809	17	13673	16218	463811	480029	0.0337854587951978	1011	373200	1255600	515	28	5.55111512312578e-17	1
3CA_data__PRJNA395045__cells-5000__rep-3__engine-both__ablation-full	3CA_data__PRJNA395045	5000	102003	ok	ok	ok	ok	337.253	20.025	22.288	12.855	16.8415980024969	15.1315954773869	26.2351614157915	0.898465541995693	1.55775962660443	1.73380007779074	16	10962	13236	417612	430848	0.0307208110516934	1011	339800	1081100	500	28	8.32667268468867e-17	1
3CA_data__PRJNA395045__cells-50000__rep-1__engine-both__ablation-full	3CA_data__PRJNA395045	50000	102001	ok	ok	ok	ok	985.486	210.534	204.434	110.295	4.68088764760086	4.82055822417015	8.93500158665397	1.02983848087891	1.90882632938936	1.85352010517249	27	38605	43741	1249505	1293246	0.0338226447249789	1011	615400	2071200	562	28	8.32667268468867e-17	1
3CA_data__PRJNA395045__cells-50000__rep-2__engine-both__ablation-full	3CA_data__PRJNA395045	50000	102002	ok	ok	ok	ok	977.027	203.474	203.941	116.813	4.80172896782881	4.79073359451998	8.36402626420005	0.997710122045101	1.74187804439574	1.74587588710161	27	35793	41263	1251254	1292517	0.0319245317469712	1011	599300	1986300	551	28	8.32667268468867e-17	1
3CA_data__PRJNA395045__cells-50000__rep-3__engine-both__ablation-full	3CA_data__PRJNA395045	50000	102003	ok	ok	ok	ok	971.883	205.318	206.217	104.127	4.73354990794767	4.7129140662506	9.33363104670259	0.995640514603549	1.97180366283481	1.98043735054309	27	35816	41325	1244631	1285956	0.0321356251691349	1011	606600	1999400	559	28	5.55111512312578e-17	1
3CA_data__PRJNA395045__cells-all__rep-1__engine-both__ablation-full	3CA_data__PRJNA395045	all	102001	ok	ok	ok	ok	1146.899	231.195	248.42	123.508	4.96074309565518	4.61677401175429	9.2860300547333	0.93066178246518	1.87190303462124	2.01136768468439	29	45935	52084	1443214	1495298	0.0348318529149374	1011	664700	2184500	564	28	8.32667268468867e-17	1
3CA_data__PRJNA395045__cells-all__rep-2__engine-both__ablation-full	3CA_data__PRJNA395045	all	102002	ok	ok	ok	ok	1157.467	239.438	250.605	124.283	4.83409901519391	4.61869076834062	9.31315626433221	0.955439835597853	1.92655471786165	2.01640610542069	29	45935	52084	1443214	1495298	0.0348318529149374	1011	664700	2184500	564	28	8.32667268468867e-17	1
3CA_data__PRJNA395045__cells-all__rep-3__engine-both__ablation-full	3CA_data__PRJNA395045	all	102003	ok	ok	ok	ok	1159.561	242.261	246.448	123.146	4.78641217529854	4.70509397519964	9.41614831176002	0.983010614815296	1.96726649667874	2.00126678901467	29	45935	52084	1443214	1495298	0.0348318529149374	1011	664700	2184500	564	28	8.32667268468867e-17	1
3CA_data__PRJNA490728__cells-1000__rep-1__engine-both__ablation-full	3CA_data__PRJNA490728	1000	105001	ok	ok	ok	ok	262.415	6.522	6.647	4.715	40.2353572523766	39.4787122009929	55.6553552492047	0.981194523845344	1.38324496288441	1.40975609756098	15	7411	15081	333669	348750	0.0432430107526882	997	350000	1598200	410	28	8.32667268468867e-17	1
3CA_data__PRJNA490728__cells-1000__rep-2__engine-both__ablation-full	3CA_data__PRJNA490728	1000	105002	ok	ok	ok	ok	252.311	6.702	6.728	4.577	37.6471202626082	37.5016349583829	55.1258466244265	0.996135552913199	1.46427791129561	1.46995848809264	14	6206	13276	268180	281456	0.0471690068785174	997	318500	1585000	404	28	5.55111512312578e-17	1
3CA_data__PRJNA490728__cells-1000__rep-3__engine-both__ablation-full	3CA_data__PRJNA490728	1000	105003	ok	ok	ok	ok	237.436	6.078	6.403	4.496	39.0648239552484	37.0819928158676	52.8104982206406	0.949242542558176	1.35186832740214	1.42415480427046	14	4686	10652	276096	286748	0.0371475999832606	997	274300	829200	288	28	5.55111512312578e-17	1
3CA_data__PRJNA490728__cells-10000__rep-1__engine-both__ablation-full	3CA_data__PRJNA490728	10000	105001	ok	ok	ok	ok	527.242	45.699	46.288	29.032	11.5372765268387	11.3904683719323	18.1607192063929	0.987275319737297	1.57409065858363	1.59437861669881	27	31286	51024	1253157	1304181	0.0391234038833567	997	665400	3062300	490	28	8.32667268468867e-17	1
3CA_data__PRJNA490728__cells-10000__rep-2__engine-both__ablation-full	3CA_data__PRJNA490728	10000	105002	ok	ok	ok	ok	522.552	45.763	49.562	29.197	11.4186569936412	10.5434001856261	17.8974552180019	0.923348533150397	1.56738706031442	1.69750316813371	27	31286	51024	1253157	1304181	0.0391234038833567	997	665400	3062300	490	28	8.32667268468867e-17	1
3CA_data__PRJNA490728__cells-10000__rep-3__engine-both__ablation-full	3CA_data__PRJNA490728	10000	105003	ok	ok	ok	ok	528.102	46.171	45.842	29.314	11.4379588919452	11.5200471183631	18.0153510268131	1.00717682474587	1.57504946441973	1.56382615814969	27	31286	51024	1253157	1304181	0.0391234038833567	997	665400	3062300	490	28	8.32667268468867e-17	1
3CA_data__PRJNA490728__cells-25000__rep-1__engine-both__ablation-full	3CA_data__PRJNA490728	25000	105001	ok	ok	ok	ok	525.561	46.19	46.287	30.564	11.3782420437324	11.3543975630307	17.1954259913624	0.997904379199343	1.51125507132574	1.51442873969376	27	31286	51024	1253157	1304181	0.0391234038833567	997	665400	3062300	490	28	8.32667268468867e-17	1
3CA_data__PRJNA490728__cells-25000__rep-2__engine-both__ablation-full	3CA_data__PRJNA490728	25000	105002	ok	ok	ok	ok	524.887	45.933	47.781	30.675	11.427230966843	10.98526610996	17.1112306438468	0.961323538645068	1.49740831295844	1.55765281173594	27	31286	51024	1253157	1304181	0.0391234038833567	997	665400	3062300	490	28	8.32667268468867e-17	1
3CA_data__PRJNA490728__cells-25000__rep-3__engine-both__ablation-full	3CA_data__PRJNA490728	25000	105003	ok	ok	ok	ok	532.115	45.671	45.94	30.133	11.6510477108012	11.5828254244667	17.6588789699001	0.994144536351763	1.51564729698337	1.52457438688481	27	31286	51024	1253157	1304181	0.0391234038833567	997	665400	3062300	490	28	8.32667268468867e-17	1
3CA_data__PRJNA490728__cells-5000__rep-1__engine-both__ablation-full	3CA_data__PRJNA490728	5000	105001	ok	ok	ok	ok	445.633	27.318	29.108	18.098	16.3127974229446	15.3096399615226	24.6233285445906	0.938504878383949	1.5094485578517	1.60835451431097	24	23661	40781	985651	1026432	0.0397308345803716	997	583800	2581500	475	28	5.55111512312578e-17	1
3CA_data__PRJNA490728__cells-5000__rep-2__engine-both__ablation-full	3CA_data__PRJNA490728	5000	105002	ok	ok	ok	ok	453.937	27.418	28.09	18.038	16.5561674812167	16.1600925596298	25.1655948553055	0.976076895692417	1.52001330524448	1.55726798979931	25	23489	41968	1050532	1092500	0.0384146453089245	997	601400	2621600	472	28	8.32667268468867e-17	1
3CA_data__PRJNA490728__cells-5000__rep-3__engine-both__ablation-full	3CA_data__PRJNA490728	5000	105003	ok	ok	ok	ok	446.379	27.245	29.908	17.912	16.3838869517343	14.925070215327	24.9206677087986	0.910960278186438	1.52104734256364	1.66971862438589	24	21479	37720	961640	999360	0.0377441562600064	997	566400	2596100	494	28	8.32667268468867e-17	1
3CA_data__PRJNA490728__cells-50000__rep-1__engine-both__ablation-full	3CA_data__PRJNA490728	50000	105001	ok	ok	ok	ok	530.076	45.587	45.892	29.903	11.6277886239498	11.5505098927918	17.7265157342073	0.993353961474767	1.5244958699796	1.53469551550012	27	31286	51024	1253157	1304181	0.0391234038833567	997	665400	3062300	490	28	8.32667268468867e-17	1
3CA_data__PRJNA490728__cells-50000__rep-2__engine-both__ablation-full	3CA_data__PRJNA490728	50000	105002	ok	ok	ok	ok	532.696	45.844	47.732	30.03	11.6197539481721	11.1601441381044	17.7387945387945	0.960445822509009	1.52660672660673	1.58947718947719	27	31286	51024	1253157	1304181	0.0391234038833567	997	665400	3062300	490	28	8.32667268468867e-17	1
3CA_data__PRJNA490728__cells-50000__rep-3__engine-both__ablation-full	3CA_data__PRJNA490728	50000	105003	ok	ok	ok	ok	528.558	45.368	46.305	29.694	11.6504584729325	11.414706835115	17.8001616488179	0.9797646042544	1.5278507442581	1.55940594059406	27	31286	51024	1253157	1304181	0.0391234038833567	997	665400	3062300	490	28	8.32667268468867e-17	1
3CA_data__PRJNA490728__cells-all__rep-1__engine-both__ablation-full	3CA_data__PRJNA490728	all	105001	ok	ok	ok	ok	525.766	45.662	48.054	29.969	11.5143007314616	10.9411495401007	17.5436617838433	0.950222666167229	1.52364109579899	1.60345690546898	27	31286	51024	1253157	1304181	0.0391234038833567	997	665400	3062300	490	28	8.32667268468867e-17	1
3CA_data__PRJNA490728__cells-all__rep-2__engine-both__ablation-full	3CA_data__PRJNA490728	all	105002	ok	ok	ok	ok	522.523	45.91	49.407	30.096	11.3814637333914	10.5758900560649	17.3618753322701	0.929220555791689	1.52545188729399	1.64164673046252	27	31286	51024	1253157	1304181	0.0391234038833567	997	665400	3062300	490	28	8.32667268468867e-17	1
3CA_data__PRJNA490728__cells-all__rep-3__engine-both__ablation-full	3CA_data__PRJNA490728	all	105003	ok	ok	ok	ok	528.227	46.613	47.364	30.849	11.3321820093107	11.1524997888692	17.1229861583844	0.984144075669285	1.51100521896982	1.53534960614607	27	31286	51024	1253157	1304181	0.0391234038833567	997	665400	3062300	490	28	8.32667268468867e-17	1
3CA_data__PRJNA593551__cells-1000__rep-1__engine-both__ablation-full	3CA_data__PRJNA593551	1000	109001	ok	ok	ok	ok	289.552	6.823	7.021	5.251	42.4376374029019	41.2408488819257	55.1422586174062	0.971798889047144	1.29937154827652	1.33707865168539	15	14782	26508	297267	323775	0.0818716701413018	895	465000	2964800	694	28	1.38777878078145e-16	1
3CA_data__PRJNA593551__cells-1000__rep-2__engine-both__ablation-full	3CA_data__PRJNA593551	1000	109002	ok	ok	ok	ok	285.015	6.536	6.921	5.478	43.6069461444308	41.1811876896402	52.0290251916758	0.944372200549053	1.19313618108799	1.26341730558598	15	14883	27282	295368	322650	0.0845560204556021	895	528200	3032800	774	28	8.32667268468867e-17	1
3CA_data__PRJNA593551__cells-1000__rep-3__engine-both__ablation-full	3CA_data__PRJNA593551	1000	109003	ok	ok	ok	ok	269.114	6.519	7.113	5.101	41.2814848903206	37.8341065654435	52.7571064497157	0.916490932096162	1.27798470888061	1.3944324642227	14	13439	24287	258737	283024	0.0858125105998078	895	452300	2669900	715	28	5.55111512312578e-17	1
3CA_data__PRJNA593551__cells-10000__rep-1__engine-both__ablation-full	3CA_data__PRJNA593551	10000	109001	ok	ok	ok	ok	450.781	35.975	37.625	26.826	12.5303961084086	11.9808903654485	16.8038842913591	0.956146179401993	1.34104972787594	1.40255722060687	22	36667	56402	712674	769076	0.0733373554759218	895	758800	4267500	820	28	8.32667268468867e-17	1
3CA_data__PRJNA593551__cells-10000__rep-2__engine-both__ablation-full	3CA_data__PRJNA593551	10000	109002	ok	ok	ok	ok	452.161	36.643	37.542	27.357	12.3396283055427	12.0441372329657	16.5281646379354	0.976053486761494	1.33943780385276	1.37229959425376	22	36667	56402	712674	769076	0.0733373554759218	895	758800	4267500	820	28	8.32667268468867e-17	1
3CA_data__PRJNA593551__cells-10000__rep-3__engine-both__ablation-full	3CA_data__PRJNA593551	10000	109003	ok	ok	ok	ok	446.482	36.041	36.012	27.162	12.3881690297162	12.3981450627569	16.4377439069288	1.00080528712651	1.32689050879906	1.32582284073338	22	36667	56402	712674	769076	0.0733373554759218	895	758800	4267500	820	28	8.32667268468867e-17	1
3CA_data__PRJNA593551__cells-25000__rep-1__engine-both__ablation-full	3CA_data__PRJNA593551	25000	109001	ok	ok	ok	ok	451.658	36.087	36.141	26.6	12.5158090170976	12.4971085470795	16.9796240601504	0.998505852079356	1.35665413533835	1.35868421052632	22	36667	56402	712674	769076	0.0733373554759218	895	758800	4267500	820	28	8.32667268468867e-17	1
3CA_data__PRJNA593551__cells-25000__rep-2__engine-both__ablation-full	3CA_data__PRJNA593551	25000	109002	ok	ok	ok	ok	453.978	36.187	38.283	26.53	12.5453339597093	11.858475041141	17.1118733509235	0.945249849802784	1.3640030154542	1.44300791556728	22	36667	56402	712674	769076	0.0733373554759218	895	758800	4267500	820	28	8.32667268468867e-17	1
3CA_data__PRJNA593551__cells-25000__rep-3__engine-both__ablation-full	3CA_data__PRJNA593551	25000	109003	ok	ok	ok	ok	449.579	35.854	37.403	26.838	12.5391588107324	12.019864716734	16.7515835755272	0.958586209662327	1.33594157537819	1.39365824577092	22	36667	56402	712674	769076	0.0733373554759218	895	758800	4267500	820	28	8.32667268468867e-17	1
3CA_data__PRJNA593551__cells-5000__rep-1__engine-both__ablation-full	3CA_data__PRJNA593551	5000	109001	ok	ok	ok	ok	396.149	27.157	29.027	19.96	14.5873623743418	13.6476039549385	19.8471442885772	0.935577221207841	1.36057114228457	1.45425851703407	20	29907	46785	581615	628400	0.074450986632718	895	680300	3857700	772	28	5.55111512312578e-17	1
3CA_data__PRJNA593551__cells-5000__rep-2__engine-both__ablation-full	3CA_data__PRJNA593551	5000	109002	ok	ok	ok	ok	404.865	27.1	27.713	19.988	14.939667896679	14.6092086746292	20.2554032419452	0.977880417132754	1.35581348809286	1.38648188913348	20	31205	47529	578471	626000	0.0759249201277955	895	686500	3913700	802	28	5.55111512312578e-17	1
3CA_data__PRJNA593551__cells-5000__rep-3__engine-both__ablation-full	3CA_data__PRJNA593551	5000	109003	ok	ok	ok	ok	419.679	27.297	27.74	20.015	15.3745466534784	15.1290194664744	20.9682238321259	0.984030281182408	1.36382712965276	1.3859605296028	21	33976	53054	643285	696339	0.0761899017576209	895	721800	4148100	811	28	5.55111512312578e-17	1
3CA_data__PRJNA593551__cells-50000__rep-1__engine-both__ablation-full	3CA_data__PRJNA593551	50000	109001	ok	ok	ok	ok	456.006	35.952	37.37	27.084	12.6837449933244	12.2024618678084	16.8367301727957	0.962055124431362	1.32742578644218	1.37978142076503	22	36667	56402	712674	769076	0.0733373554759218	895	758800	4267500	820	28	8.32667268468867e-17	1
3CA_data__PRJNA593551__cells-50000__rep-2__engine-both__ablation-full	3CA_data__PRJNA593551	50000	109002	ok	ok	ok	ok	453.252	35.932	38.942	27.264	12.6141600801514	11.6391556674028	16.6245598591549	0.922705562118022	1.31792840375587	1.42833039906103	22	36667	56402	712674	769076	0.0733373554759218	895	758800	4267500	820	28	8.32667268468867e-17	1
3CA_data__PRJNA593551__cells-50000__rep-3__engine-both__ablation-full	3CA_data__PRJNA593551	50000	109003	ok	ok	ok	ok	448.977	35.809	36.087	27.447	12.538104945684	12.4415163355225	16.3579626188655	0.992296394823621	1.30465988996976	1.31478850147557	22	36667	56402	712674	769076	0.0733373554759218	895	758800	4267500	820	28	8.32667268468867e-17	1
3CA_data__PRJNA593551__cells-all__rep-1__engine-both__ablation-full	3CA_data__PRJNA593551	all	109001	ok	ok	ok	ok	451.947	36.095	36.09	26.252	12.5210416955257	12.5227763923525	17.2157168977602	1.00013854253256	1.37494286149627	1.37475239981716	22	36667	56402	712674	769076	0.0733373554759218	895	758800	4267500	820	28	8.32667268468867e-17	1
3CA_data__PRJNA593551__cells-all__rep-2__engine-both__ablation-full	3CA_data__PRJNA593551	all	109002	ok	ok	ok	ok	450.022	35.677	35.904	26.616	12.6137847913221	12.5340352049911	16.9079501051999	0.993677584670232	1.34043432521791	1.34896302975654	22	36667	56402	712674	769076	0.0733373554759218	895	758800	4267500	820	28	8.32667268468867e-17	1
3CA_data__PRJNA593551__cells-all__rep-3__engine-both__ablation-full	3CA_data__PRJNA593551	all	109003	ok	ok	ok	ok	457.568	35.93	37.663	27.423	12.7349846924576	12.1490056554178	16.685555920213	0.953986671268885	1.31021405389636	1.37340918207344	22	36667	56402	712674	769076	0.0733373554759218	895	758800	4267500	820	28	8.32667268468867e-17	1
3CA_data__PRJNA638151__cells-1000__rep-1__engine-both__ablation-full	3CA_data__PRJNA638151	1000	103001	ok	ok	ok	ok	219.139	4.373	5.735	2.947	50.1118225474503	38.2108108108108	74.3600271462504	0.762510897994769	1.48388191381065	1.94604682728198	13	4659	6073	236442	242515	0.0250417499948457	1011	167100	337900	307	16	5.55111512312578e-17	1
3CA_data__PRJNA638151__cells-1000__rep-2__engine-both__ablation-full	3CA_data__PRJNA638151	1000	103002	ok	ok	ok	ok	234.755	4.47	4.747	3.01	52.5178970917226	49.4533389509164	77.9916943521595	0.941647356224984	1.48504983388704	1.57707641196013	14	5304	6649	273239	279888	0.0237559309438061	1011	192500	396700	365	16	5.55111512312578e-17	1
3CA_data__PRJNA638151__cells-1000__rep-3__engine-both__ablation-full	3CA_data__PRJNA638151	1000	103003	ok	ok	ok	ok	230.527	4.806	4.815	2.909	47.9665002080732	47.8768431983385	79.2461326916466	0.998130841121495	1.65211412856652	1.65520797524923	13	4771	6241	242358	248599	0.0251046866640654	1011	198900	442400	413	28	4.16333634234434e-17	1
3CA_data__PRJNA638151__cells-10000__rep-1__engine-both__ablation-full	3CA_data__PRJNA638151	10000	103001	ok	ok	ok	ok	486.65	35.397	35.58	18.123	13.7483402548239	13.6776278808319	26.8526182199415	0.994856661045531	1.95315345141533	1.96325111736467	24	18707	21534	965730	987264	0.0218117950213925	1011	368100	762900	434	16	8.32667268468867e-17	1
3CA_data__PRJNA638151__cells-10000__rep-2__engine-both__ablation-full	3CA_data__PRJNA638151	10000	103002	ok	ok	ok	ok	472.113	35.064	36.15	18.718	13.4643223819302	13.0598340248963	25.2224062399829	0.969958506224066	1.87327705951491	1.93129607864088	23	18313	21233	883886	905119	0.0234587938160618	1011	382500	895400	463	28	8.32667268468867e-17	1
3CA_data__PRJNA638151__cells-10000__rep-3__engine-both__ablation-full	3CA_data__PRJNA638151	10000	103003	ok	ok	ok	ok	467.994	35.711	37.176	18.461	13.105037663465	12.588605551969	25.3504143870863	0.960592855605767	1.93440225339906	2.01375873462976	23	18537	21579	898881	920460	0.0234437129261456	1011	380700	813400	447	28	5.55111512312578e-17	1
3CA_data__PRJNA638151__cells-25000__rep-1__engine-both__ablation-full	3CA_data__PRJNA638151	25000	103001	ok	ok	ok	ok	680.102	92.175	95.781	42.667	7.37837808516409	7.10059406354079	15.9397660955774	0.962351614620854	2.16033468488527	2.24484964961211	27	24335	27941	1281343	1309284	0.0213406716953694	1011	427400	959300	456	28	5.55111512312578e-17	1
3CA_data__PRJNA638151__cells-25000__rep-2__engine-both__ablation-full	3CA_data__PRJNA638151	25000	103002	ok	ok	ok	ok	690.119	88.439	88.518	43.071	7.8033333710241	7.79636910007004	16.0228227809895	0.999107526152873	2.05333054723596	2.05516472800724	27	24733	28735	1311167	1339902	0.0214455982601713	1011	458000	964000	470	28	8.32667268468867e-17	1
3CA_data__PRJNA638151__cells-25000__rep-3__engine-both__ablation-full	3CA_data__PRJNA638151	25000	103003	ok	ok	ok	ok	667.269	88.765	97.844	42.787	7.51725342195685	6.81972323290135	15.595134036039	0.907209435427824	2.07457872718349	2.28676934582934	27	24124	27957	1272579	1300536	0.0214965214342394	1011	425100	815600	430	16	5.55111512312578e-17	1
3CA_data__PRJNA638151__cells-5000__rep-1__engine-both__ablation-full	3CA_data__PRJNA638151	5000	103001	ok	ok	ok	ok	336.726	18.73	19.744	9.236	17.977896422851	17.0545988654781	36.4579904720658	0.94864262560778	2.02793417063664	2.13772195755738	18	10104	11874	531474	543348	0.0218533978223901	1011	272300	539600	379	28	5.55111512312578e-17	1
3CA_data__PRJNA638151__cells-5000__rep-2__engine-both__ablation-full	3CA_data__PRJNA638151	5000	103002	ok	ok	ok	ok	366.627	18.45	19.682	9.549	19.8713821138211	18.6275276902754	38.3942821237826	0.937404735291129	1.93213949104618	2.06115823646455	20	13533	15817	645783	661600	0.0239071946795647	1011	324300	776900	437	28	5.55111512312578e-17	1
3CA_data__PRJNA638151__cells-5000__rep-3__engine-both__ablation-full	3CA_data__PRJNA638151	5000	103003	ok	ok	ok	ok	340.29	18.69	19.514	9.671	18.207062600321	17.4382494619248	35.1866404715128	0.957773905913703	1.9325819460242	2.01778513080343	18	11041	12784	520520	533304	0.0239713184225132	1011	287900	654800	431	28	8.32667268468867e-17	1
3CA_data__PRJNA638151__cells-50000__rep-1__engine-both__ablation-full	3CA_data__PRJNA638151	50000	103001	ok	ok	ok	ok	1034.706	184.244	187.977	83.149	5.61595492933284	5.50442873330248	12.44399812385	0.980141187485703	2.21582941466524	2.26072472308747	32	33255	38623	1821985	1860608	0.0207582682649972	1011	566500	1246800	531	28	5.55111512312578e-17	1
3CA_data__PRJNA638151__cells-50000__rep-2__engine-both__ablation-full	3CA_data__PRJNA638151	50000	103002	ok	ok	ok	ok	1027.709	178.603	200.729	82.405	5.75415306573798	5.11988302636889	12.4714398398155	0.889771781855138	2.167380620108	2.43588374491839	31	33284	38356	1738533	1776889	0.0215860416717082	1011	536100	1217800	515	28	5.55111512312578e-17	1
3CA_data__PRJNA638151__cells-50000__rep-3__engine-both__ablation-full	3CA_data__PRJNA638151	50000	103003	ok	ok	ok	ok	1007.543	181.718	182.825	82.187	5.54454154238986	5.51096950635854	12.2591529073941	0.993945029399699	2.2110309416331	2.22450022509643	31	31279	36087	1735997	1772084	0.0203641588096275	1011	524800	1223600	511	28	8.32667268468867e-17	1
3CA_data__PRJNA638151__cells-all__rep-1__engine-both__ablation-full	3CA_data__PRJNA638151	all	103001	ok	ok	ok	ok	1238.569	241.104	226.527	110.518	5.13707362797797	5.46764403360306	11.2069436652853	1.06434994503966	2.18158128087732	2.04968421433613	36	43265	50112	2306016	2356128	0.0212687935460213	1011	645900	1534900	563	28	5.55111512312578e-17	1
3CA_data__PRJNA638151__cells-all__rep-2__engine-both__ablation-full	3CA_data__PRJNA638151	all	103002	ok	ok	ok	ok	1231.865	244.521	238.532	109.594	5.03786995799952	5.16435949893515	11.2402595032575	1.02510774235742	2.23115316531927	2.17650601310291	36	43265	50112	2306016	2356128	0.0212687935460213	1011	645900	1534900	563	28	5.55111512312578e-17	1
3CA_data__PRJNA638151__cells-all__rep-3__engine-both__ablation-full	3CA_data__PRJNA638151	all	103003	ok	ok	ok	ok	1265.952	247.387	229.239	110.131	5.11729395643263	5.52241110805753	11.4949650870327	1.07916628496896	2.24629759105066	2.08151201750642	36	43265	50112	2306016	2356128	0.0212687935460213	1011	645900	1534900	563	28	5.55111512312578e-17	1
3CA_data__SmartSeq2__cells-1000__rep-1__engine-both__ablation-full	3CA_data__SmartSeq2	1000	104001	ok	ok	ok	ok	258.479	7.068	7.49	5.385	36.5703169213356	34.5098798397864	47.9998142989786	0.94365821094793	1.3125348189415	1.39090064995357	13	11382	21052	222477	243529	0.0864455567920042	997	402400	1569800	602	28	1.11022302462516e-16	1
3CA_data__SmartSeq2__cells-1000__rep-2__engine-both__ablation-full	3CA_data__SmartSeq2	1000	104002	ok	ok	ok	ok	263.693	7.11	7.618	5.517	37.0876230661041	34.6144657390391	47.7964473445713	0.933315830926752	1.28874388254486	1.38082291100236	14	13483	25176	249616	274792	0.0916183877259891	997	437200	1790000	574	28	1.11022302462516e-16	1
3CA_data__SmartSeq2__cells-1000__rep-3__engine-both__ablation-full	3CA_data__SmartSeq2	1000	104003	ok	ok	ok	ok	240.982	6.99	7.317	5.419	34.4752503576538	32.9345360120268	44.4698283816202	0.955309553095531	1.28990588669496	1.35024912345451	12	9834	18195	188301	206496	0.0881130869363087	997	368800	1543700	591	28	5.55111512312578e-17	1
3CA_data__SmartSeq2__cells-10000__rep-1__engine-both__ablation-full	3CA_data__SmartSeq2	10000	104001	ok	ok	ok	ok	434.7	47.785	50.795	35.817	9.09699696557497	8.5579289300128	12.1366948655666	0.940742199035338	1.33414300471843	1.41818131055086	18	25387	39974	522490	562464	0.0710694373328782	997	628600	2324500	703	28	1.11022302462516e-16	1
3CA_data__SmartSeq2__cells-10000__rep-2__engine-both__ablation-full	3CA_data__SmartSeq2	10000	104002	ok	ok	ok	ok	428.512	48.322	50.708	36.036	8.86784487397045	8.45057979017118	11.8912198912199	0.952946280665773	1.34093684093684	1.40714840714841	18	25387	39974	522490	562464	0.0710694373328782	997	628600	2324500	703	28	1.11022302462516e-16	1
3CA_data__SmartSeq2__cells-10000__rep-3__engine-both__ablation-full	3CA_data__SmartSeq2	10000	104003	ok	ok	ok	ok	419.101	47.821	51.051	36.394	8.76395307500889	8.20945720945721	11.5156619222949	0.936729936729937	1.31398032642743	1.40273121943177	18	25387	39974	522490	562464	0.0710694373328782	997	628600	2324500	703	28	1.11022302462516e-16	1
3CA_data__SmartSeq2__cells-25000__rep-1__engine-both__ablation-full	3CA_data__SmartSeq2	25000	104001	ok	ok	ok	ok	430.86	48.321	51.084	33.798	8.91662010306078	8.43434343434343	12.7480916030534	0.945912614517266	1.42969998224747	1.51145038167939	18	25387	39974	522490	562464	0.0710694373328782	997	628600	2324500	703	28	1.11022302462516e-16	1
3CA_data__SmartSeq2__cells-25000__rep-2__engine-both__ablation-full	3CA_data__SmartSeq2	25000	104002	ok	ok	ok	ok	426.718	47.899	49.794	34.102	8.90870373076682	8.569667028156	12.5129904404434	0.961943206008756	1.40458037651751	1.4601489648701	18	25387	39974	522490	562464	0.0710694373328782	997	628600	2324500	703	28	1.11022302462516e-16	1
3CA_data__SmartSeq2__cells-25000__rep-3__engine-both__ablation-full	3CA_data__SmartSeq2	25000	104003	ok	ok	ok	ok	426.697	47.832	50.371	34.632	8.92074343535708	8.47108455261956	12.3208881958882	0.949594012427786	1.38115038115038	1.45446407946408	18	25387	39974	522490	562464	0.0710694373328782	997	628600	2324500	703	28	1.11022302462516e-16	1
3CA_data__SmartSeq2__cells-5000__rep-1__engine-both__ablation-full	3CA_data__SmartSeq2	5000	104001	ok	ok	ok	ok	376.439	30.781	31.401	21.739	12.2295896819467	11.9881213974077	17.3162978977874	0.980255405878794	1.41593449560697	1.444454666728	17	22576	35719	449512	485231	0.0736123619471963	997	578200	2199600	686	28	8.32667268468867e-17	1
3CA_data__SmartSeq2__cells-5000__rep-2__engine-both__ablation-full	3CA_data__SmartSeq2	5000	104002	ok	ok	ok	ok	397.033	30.976	33.081	21.826	12.8174393078512	12.0018439587679	18.1908274534958	0.936368308092258	1.41922477778796	1.51566938513699	18	25135	40746	523662	564408	0.0721924565208147	997	625300	2458900	708	28	8.32667268468867e-17	1
3CA_data__SmartSeq2__cells-5000__rep-3__engine-both__ablation-full	3CA_data__SmartSeq2	5000	104003	ok	ok	ok	ok	372.671	30.726	32.495	22.064	12.1288485321877	11.4685643945222	16.890455039884	0.945560855516233	1.3925852066715	1.47276105873822	17	23137	36846	453009	489855	0.0752181768074226	997	593900	2372100	701	28	1.11022302462516e-16	1
3CA_data__SmartSeq2__cells-50000__rep-1__engine-both__ablation-full	3CA_data__SmartSeq2	50000	104001	ok	ok	ok	ok	429.499	48.644	49.529	34.294	8.82943425705123	8.67166710412082	12.5240275266811	0.982131680429647	1.41844054353531	1.44424680702164	18	25387	39974	522490	562464	0.0710694373328782	997	628600	2324500	703	28	1.11022302462516e-16	1
3CA_data__SmartSeq2__cells-50000__rep-2__engine-both__ablation-full	3CA_data__SmartSeq2	50000	104002	ok	ok	ok	ok	429.105	48.029	49.325	34.273	8.93428969997293	8.69954384186518	12.520205409506	0.973725291434364	1.40136550637528	1.43917952907537	18	25387	39974	522490	562464	0.0710694373328782	997	628600	2324500	703	28	1.11022302462516e-16	1
3CA_data__SmartSeq2__cells-50000__rep-3__engine-both__ablation-full	3CA_data__SmartSeq2	50000	104003	ok	ok	ok	ok	433.61	48.045	48.667	34.308	9.02508065355396	8.90973349497606	12.6387431502856	0.987219265621468	1.40040223854495	1.41853212078815	18	25387	39974	522490	562464	0.0710694373328782	997	628600	2324500	703	28	1.11022302462516e-16	1
3CA_data__SmartSeq2__cells-all__rep-1__engine-both__ablation-full	3CA_data__SmartSeq2	all	104001	ok	ok	ok	ok	426.469	48.256	48.798	34.092	8.83763677055703	8.73947702774704	12.5093570339082	0.988892987417517	1.4154640384841	1.43136219640971	18	25387	39974	522490	562464	0.0710694373328782	997	628600	2324500	703	28	1.11022302462516e-16	1
3CA_data__SmartSeq2__cells-all__rep-2__engine-both__ablation-full	3CA_data__SmartSeq2	all	104002	ok	ok	ok	ok	425.58	48.422	50.834	34.371	8.78898021560448	8.37195577762914	12.3819498996247	0.952551441948302	1.40880393354863	1.47897937214512	18	25387	39974	522490	562464	0.0710694373328782	997	628600	2324500	703	28	1.11022302462516e-16	1
3CA_data__SmartSeq2__cells-all__rep-3__engine-both__ablation-full	3CA_data__SmartSeq2	all	104003	ok	ok	ok	ok	424.991	47.551	50.86	34.202	8.93758280582953	8.35609516319308	12.4259107654523	0.934939048368069	1.39029881293492	1.48704754107947	18	25387	39974	522490	562464	0.0710694373328782	997	628600	2324500	703	28	1.11022302462516e-16	1
normal_control__Sample5__cells-1000__rep-1__engine-both__ablation-full	normal_control__Sample5	1000	111001	ok	ok	ok	ok	132.927	3.61	4.213	2.215	36.8218836565097	31.5516259197721	60.0121896162528	0.856871587942084	1.62979683972912	1.9020316027088	8	454	684	61460	62144	0.0110066941297631	1011	31700	24200	56	12	5.55111512312578e-17	1
normal_control__Sample5__cells-1000__rep-2__engine-both__ablation-full	normal_control__Sample5	1000	111002	ok	ok	ok	ok	120.311	3.787	3.984	2.15	31.7694745180882	30.1985441767068	55.9586046511628	0.950552208835341	1.76139534883721	1.85302325581395	7	332	455	38941	39396	0.0115493958777541	1011	24300	20800	53	12	1.38777878078145e-16	1
normal_control__Sample5__cells-1000__rep-3__engine-both__ablation-full	normal_control__Sample5	1000	111003	ok	ok	ok	ok	116.384	3.685	4.183	2.037	31.5831750339213	27.8230934735836	57.1350024545901	0.880946688979202	1.80903289150712	2.05351006381934	7	218	330	38184	38514	0.00856831282131173	1011	17900	9300	32	3	1.11022302462516e-16	1
normal_control__Sample5__cells-10000__rep-1__engine-both__ablation-full	normal_control__Sample5	10000	111001	ok	ok	ok	ok	330.679	31.488	33.571	12.597	10.5017466971545	9.85013851240654	26.2506152258474	0.937952399392333	2.49964277208859	2.6649996030801	15	1353	1804	333221	335025	0.00538467278561301	1011	44700	27100	40	12	8.32667268468867e-17	1
normal_control__Sample5__cells-10000__rep-2__engine-both__ablation-full	normal_control__Sample5	10000	111002	ok	ok	ok	ok	329.145	32.076	34.829	12.561	10.2614104002993	9.4503143931781	26.2037258180081	0.920956674036004	2.55361834248866	2.77278879070138	15	1343	1775	326950	328725	0.00539965016351053	1011	44400	26900	40	12	5.55111512312578e-17	1
normal_control__Sample5__cells-10000__rep-3__engine-both__ablation-full	normal_control__Sample5	10000	111003	ok	ok	ok	ok	281.709	30.775	32.321	12.951	9.15382615759545	8.71597413446366	21.7519110493398	0.952167321555645	2.37626438112887	2.49563740251718	12	720	995	198877	199872	0.004978186039065	1011	32300	17300	36	3	1.11022302462516e-16	1
normal_control__Sample5__cells-25000__rep-1__engine-both__ablation-full	normal_control__Sample5	25000	111001	ok	ok	ok	ok	460.008	74.251	76.998	27.144	6.19531050086867	5.97428504636484	16.946949602122	0.964323748668797	2.73544798113764	2.83664898320071	16	1773	2255	398897	401152	0.00562131062539885	1011	63100	49900	75	12	8.32667268468867e-17	1
normal_control__Sample5__cells-25000__rep-2__engine-both__ablation-full	normal_control__Sample5	25000	111002	ok	ok	ok	ok	467.75	76.294	76.98	27.397	6.13088840537919	6.07625357235646	17.0730371938533	0.991088594440114	2.78475745519582	2.80979669306858	16	1773	2255	398897	401152	0.00562131062539885	1011	63100	49900	75	12	8.32667268468867e-17	1
normal_control__Sample5__cells-25000__rep-3__engine-both__ablation-full	normal_control__Sample5	25000	111003	ok	ok	ok	ok	466.079	75.123	76.95	27.902	6.20421175938128	6.05690708252112	16.7041430721812	0.97625730994152	2.69238764246291	2.75786681958283	16	1773	2255	398897	401152	0.00562131062539885	1011	63100	49900	75	12	8.32667268468867e-17	1
normal_control__Sample5__cells-5000__rep-1__engine-both__ablation-full	normal_control__Sample5	5000	111001	ok	ok	ok	ok	217.841	16.184	18.983	6.795	13.4602694018784	11.4755834167413	32.0590139808683	0.852552283622188	2.38175128771155	2.79367181751288	11	718	1046	155528	156574	0.00668054721729023	1011	34500	21700	39	12	8.32667268468867e-17	1
normal_control__Sample5__cells-5000__rep-2__engine-both__ablation-full	normal_control__Sample5	5000	111002	ok	ok	ok	ok	224.345	16.318	18.05	6.937	13.748314744454	12.4290858725762	32.3403488539715	0.90404432132964	2.35231368026524	2.60198933256451	11	870	1143	159061	160204	0.0071346533170208	1011	42200	33800	72	3	1.11022302462516e-16	1
normal_control__Sample5__cells-5000__rep-3__engine-both__ablation-full	normal_control__Sample5	5000	111003	ok	ok	ok	ok	245.808	16.481	18.037	7.061	14.9146289666889	13.6279869157842	34.8120662795638	0.913732882408383	2.33408865599773	2.55445404333664	13	799	1129	226345	227474	0.00496320458601862	1011	37700	26600	49	3	8.32667268468867e-17	1
normal_control__Sample5__cells-50000__rep-1__engine-both__ablation-full	normal_control__Sample5	50000	111001	ok	ok	ok	ok	466.736	74.065	82.389	27.63	6.301707959225	5.6650280984112	16.8923633731451	0.898967095121922	2.68060079623598	2.98186753528773	16	1773	2255	398897	401152	0.00562131062539885	1011	63100	49900	75	12	8.32667268468867e-17	1
normal_control__Sample5__cells-50000__rep-2__engine-both__ablation-full	normal_control__Sample5	50000	111002	ok	ok	ok	ok	462.483	74.56	76.36	27.545	6.20282993562232	6.05661341016239	16.7900889453621	0.976427448926139	2.70684334724995	2.77219096024687	16	1773	2255	398897	401152	0.00562131062539885	1011	63100	49900	75	12	8.32667268468867e-17	1
normal_control__Sample5__cells-50000__rep-3__engine-both__ablation-full	normal_control__Sample5	50000	111003	ok	ok	ok	ok	466.692	74.655	77.052	28.211	6.2513160538477	6.05684472823548	16.5429087944419	0.968891138451954	2.6463081776612	2.73127503456099	16	1773	2255	398897	401152	0.00562131062539885	1011	63100	49900	75	12	8.32667268468867e-17	1
normal_control__Sample5__cells-all__rep-1__engine-both__ablation-full	normal_control__Sample5	all	111001	ok	ok	ok	ok	466.068	74.315	76.797	27.695	6.27151988158514	6.06883081370366	16.8285972197147	0.96768102920687	2.68333634230005	2.7729554071132	16	1773	2255	398897	401152	0.00562131062539885	1011	63100	49900	75	12	8.32667268468867e-17	1
normal_control__Sample5__cells-all__rep-2__engine-both__ablation-full	normal_control__Sample5	all	111002	ok	ok	ok	ok	461.88	72.992	82.357	28.715	6.32781674704077	5.60826644972498	16.0849730106216	0.886287747246743	2.54194671774334	2.86808288351036	16	1773	2255	398897	401152	0.00562131062539885	1011	63100	49900	75	12	8.32667268468867e-17	1
normal_control__Sample5__cells-all__rep-3__engine-both__ablation-full	normal_control__Sample5	all	111003	ok	ok	ok	ok	468.873	73.944	82.772	27.699	6.34092015579357	5.66463296767023	16.9274342034008	0.893345575798579	2.66955485757609	2.98826672443048	16	1773	2255	398897	401152	0.00562131062539885	1011	63100	49900	75	12	8.32667268468867e-17	1
normal_control__Sample8__cells-1000__rep-1__engine-both__ablation-full	normal_control__Sample8	1000	110001	ok	ok	ok	ok	135.822	3.679	4.446	2.202	36.918184289209	30.5492577597841	61.6811989100817	0.827485380116959	1.67075386012716	2.01907356948229	8	333	585	57719	58304	0.0100336169045005	1011	31800	29200	64	3	1.11022302462516e-16	1
normal_control__Sample8__cells-1000__rep-2__engine-both__ablation-full	normal_control__Sample8	1000	110002	ok	ok	ok	ok	122.829	3.531	3.937	2.23	34.785896346644	31.1986283972568	55.080269058296	0.896875793751588	1.58340807174888	1.76547085201794	7	373	595	36155	36750	0.0161904761904762	1011	34100	35900	84	5	5.55111512312578e-17	1
normal_control__Sample8__cells-1000__rep-3__engine-both__ablation-full	normal_control__Sample8	1000	110003	ok	ok	ok	ok	124.822	3.847	4.389	2.395	32.4465817520146	28.4397357028936	52.117745302714	0.876509455456824	1.6062630480167	1.83256784968685	7	521	786	40717	41503	0.0189383899959039	1011	39900	62300	111	5	8.32667268468867e-17	1
normal_control__Sample8__cells-10000__rep-1__engine-both__ablation-full	normal_control__Sample8	10000	110001	ok	ok	ok	ok	305.294	32.347	34.9	14.015	9.43809317711071	8.74767908309455	21.7833749554049	0.926848137535817	2.30802711380664	2.49018908312522	13	1202	1868	237098	238966	0.00781701162508474	1011	69200	68000	101	5	8.32667268468867e-17	1
normal_control__Sample8__cells-10000__rep-2__engine-both__ablation-full	normal_control__Sample8	10000	110002	ok	ok	ok	ok	306.343	33.412	36.534	13.935	9.16865198132408	8.38514808123939	21.983710082526	0.91454535501177	2.39770362396842	2.62174381054898	13	1153	1749	240090	241839	0.00723208415516108	1011	70600	59800	92	5	5.55111512312578e-17	1
normal_control__Sample8__cells-10000__rep-3__engine-both__ablation-full	normal_control__Sample8	10000	110003	ok	ok	ok	ok	317.254	33.654	37.682	13.963	9.42693290544957	8.41924526299029	22.7210484852825	0.893105461493551	2.41022702857552	2.69870371696627	14	1326	2000	285532	287532	0.0069557475341875	1011	72800	68600	93	5	8.32667268468867e-17	1
normal_control__Sample8__cells-25000__rep-1__engine-both__ablation-full	normal_control__Sample8	25000	110001	ok	ok	ok	ok	453.394	88.52	97.574	32.175	5.12193854496159	4.64666816979933	14.0914996114996	0.907208887613504	2.75120435120435	3.03260295260295	14	1429	2096	286808	288904	0.00725500512280896	1011	68800	63800	81	5	8.32667268468867e-17	1
normal_control__Sample8__cells-25000__rep-2__engine-both__ablation-full	normal_control__Sample8	25000	110002	ok	ok	ok	ok	466.114	97.586	99.111	31.565	4.7764433422827	4.70294921855294	14.7667986694123	0.984613211449789	3.09158878504673	3.13990178995723	14	1429	2096	286808	288904	0.00725500512280896	1011	68800	63800	81	5	8.32667268468867e-17	1
normal_control__Sample8__cells-25000__rep-3__engine-both__ablation-full	normal_control__Sample8	25000	110003	ok	ok	ok	ok	471.264	85.729	96.217	31.525	5.49713632493089	4.89792864046894	14.9488977002379	0.890996393568704	2.7193973037272	3.05208564631245	14	1429	2096	286808	288904	0.00725500512280896	1011	68800	63800	81	5	8.32667268468867e-17	1
normal_control__Sample8__cells-5000__rep-1__engine-both__ablation-full	normal_control__Sample8	5000	110001	ok	ok	ok	ok	229.583	16.992	18.534	8.593	13.5112405838041	12.3871263623611	26.717444431514	0.916801553900939	1.97742348423135	2.15687187245432	11	774	1215	156932	158147	0.00768272556545492	1011	55600	47000	86	4	1.11022302462516e-16	1
normal_control__Sample8__cells-5000__rep-2__engine-both__ablation-full	normal_control__Sample8	5000	110002	ok	ok	ok	ok	245.599	16.683	18.326	8.065	14.721512917341	13.4016697588126	30.4524488530688	0.910345956564444	2.06856788592684	2.27228766274024	12	1096	1593	189927	191520	0.00831766917293233	1011	69200	63300	108	5	8.32667268468867e-17	1
normal_control__Sample8__cells-5000__rep-3__engine-both__ablation-full	normal_control__Sample8	5000	110003	ok	ok	ok	ok	216.1	16.755	18.644	8.066	12.8976424947777	11.5908603304012	26.791470369452	0.898680540656511	2.07723778824696	2.3114306967518	10	741	1056	129344	130400	0.00809815950920245	1011	46300	45900	80	4	1.11022302462516e-16	1
normal_control__Sample8__cells-50000__rep-1__engine-both__ablation-full	normal_control__Sample8	50000	110001	ok	ok	ok	ok	452.735	90.361	85.789	32.427	5.01029205077412	5.27730827961627	13.9616677460141	1.05329354579258	2.7865975884294	2.64560397199864	14	1429	2096	286808	288904	0.00725500512280896	1011	68800	63800	81	5	8.32667268468867e-17	1
normal_control__Sample8__cells-50000__rep-2__engine-both__ablation-full	normal_control__Sample8	50000	110002	ok	ok	ok	ok	446.225	84.002	92.393	31.807	5.31207590295469	4.82964077365168	14.0291445279341	0.909181431493728	2.640990976829	2.90480083000597	14	1429	2096	286808	288904	0.00725500512280896	1011	68800	63800	81	5	8.32667268468867e-17	1
normal_control__Sample8__cells-50000__rep-3__engine-both__ablation-full	normal_control__Sample8	50000	110003	ok	ok	ok	ok	456.635	87.767	87.423	31.847	5.20280971207857	5.22328220262402	14.3383992212767	1.00393489127575	2.75589537476057	2.74509372939366	14	1429	2096	286808	288904	0.00725500512280896	1011	68800	63800	81	5	8.32667268468867e-17	1
normal_control__Sample8__cells-all__rep-1__engine-both__ablation-full	normal_control__Sample8	all	110001	ok	ok	ok	ok	454.718	89.993	93.729	31.854	5.05281521896148	4.85141204963245	14.275067495448	0.960140404784005	2.82517109311233	2.94245620644189	14	1429	2096	286808	288904	0.00725500512280896	1011	68800	63800	81	5	8.32667268468867e-17	1
normal_control__Sample8__cells-all__rep-2__engine-both__ablation-full	normal_control__Sample8	all	110002	ok	ok	ok	ok	461.384	86.727	86.028	31.933	5.31995802921812	5.36318407960199	14.4485015501206	1.00812526154275	2.71590517646322	2.69401559515235	14	1429	2096	286808	288904	0.00725500512280896	1011	68800	63800	81	5	8.32667268468867e-17	1
normal_control__Sample8__cells-all__rep-3__engine-both__ablation-full	normal_control__Sample8	all	110003	ok	ok	ok	ok	456.401	86.745	85.206	31.894	5.26140987953196	5.3564420345985	14.3099329027403	1.01806210830223	2.71979055621747	2.67153696620054	14	1429	2096	286808	288904	0.00725500512280896	1011	68800	63800	81	5	8.32667268468867e-17	1
