experiment_id	dataset_id	n_cells_target	seed	baseline_status	dense_status	sparse_status	baseline_elapsed_sec	dense_rcpp_elapsed_sec	sparse_exact_elapsed_sec	baseline_vs_dense_speedup	baseline_vs_sparse_exact_speedup	dense_vs_sparse_exact_speedup	n_groups	total_lr_pairs	active_pairs	skipped_pairs	total_pairs_sparse	active_fraction	n_genes_kernel	old_baseline_dense_max_abs_prob_diff	old_baseline_dense_pearson_prob
3CA_data__10X__cells-1000__rep-1__engine-both__ablation-full	3CA_data__10X	1000	112001	ok	ok	ok	200.536	4.276	4.459	46.8980355472404	44.9733124018838	0.958959407939	12	2520	2899	177533	180432	0.0160669947681121	995	5.55111512312578e-17	1
3CA_data__10X__cells-1000__rep-2__engine-both__ablation-full	3CA_data__10X	1000	112002	ok	ok	ok	187.401	4.188	4.498	44.7471346704871	41.6631836371721	0.931080480213428	11	1828	2092	138631	140723	0.0148660844353801	995	8.32667268468867e-17	1
3CA_data__10X__cells-1000__rep-3__engine-both__ablation-full	3CA_data__10X	1000	112003	ok	ok	ok	190.053	4.408	4.309	43.1154718693285	44.106057089812	1.02297516825249	11	2056	2385	151406	153791	0.0155080596393807	995	5.55111512312578e-17	1
3CA_data__10X__cells-10000__rep-1__engine-both__ablation-full	3CA_data__10X	10000	112001	ok	ok	ok	475.318	32.519	33.482	14.6166241274332	14.196224837226	0.971238277283316	25	9217	10578	976297	986875	0.0107186827105763	995	8.32667268468867e-17	1
3CA_data__10X__cells-10000__rep-2__engine-both__ablation-full	3CA_data__10X	10000	112002	ok	ok	ok	450.517	32.187	33.061	13.9968620871781	13.6268412933668	0.973564018027283	23	8443	9659	839386	849045	0.0113763110318063	995	8.32667268468867e-17	1
3CA_data__10X__cells-10000__rep-3__engine-both__ablation-full	3CA_data__10X	10000	112003	ok	ok	ok	484.232	29.272	38.913	16.5424979502596	12.44396474186	0.75224218127618	25	11243	12809	995316	1008125	0.0127057656540608	995	8.32667268468867e-17	1
3CA_data__10X__cells-25000__rep-1__engine-both__ablation-full	3CA_data__10X	25000	112001	ok	ok	ok	576.171	48.487	53.196	11.8829995668942	10.8310963230318	0.911478306639597	27	10635	12156	1178301	1190457	0.0102112046046182	995	8.32667268468867e-17	1
3CA_data__10X__cells-25000__rep-2__engine-both__ablation-full	3CA_data__10X	25000	112002	ok	ok	ok	589.584	46.276	52.796	12.7405998789869	11.1672096370937	0.876505795893628	27	10635	12156	1178301	1190457	0.0102112046046182	995	8.32667268468867e-17	1
3CA_data__10X__cells-25000__rep-3__engine-both__ablation-full	3CA_data__10X	25000	112003	ok	ok	ok	572.587	46.531	55.361	12.3054952612237	10.3427864381062	0.840501436028974	27	10635	12156	1178301	1190457	0.0102112046046182	995	8.32667268468867e-17	1
3CA_data__10X__cells-5000__rep-1__engine-both__ablation-full	3CA_data__10X	5000	112001	ok	ok	ok	416.577	17.314	17.85	24.0601247545339	23.3376470588235	0.969971988795518	24	9406	10815	873345	884160	0.0122319489685125	995	1.11022302462516e-16	1
3CA_data__10X__cells-5000__rep-2__engine-both__ablation-full	3CA_data__10X	5000	112002	ok	ok	ok	340.446	16.705	17.128	20.3798862615983	19.876576366184	0.975303596450257	19	6101	6917	556604	563521	0.0122746091095097	995	8.32667268468867e-17	1
3CA_data__10X__cells-5000__rep-3__engine-both__ablation-full	3CA_data__10X	5000	112003	ok	ok	ok	369.349	16.864	17.173	21.9016247628083	21.5075409072381	0.982006638327607	21	6777	7763	675346	683109	0.0113642185946899	995	5.55111512312578e-17	1
3CA_data__10X__cells-50000__rep-1__engine-both__ablation-full	3CA_data__10X	50000	112001	ok	ok	ok	557.789	45.715	58.299	12.2014437274418	9.56772843444999	0.784147240947529	27	10635	12156	1178301	1190457	0.0102112046046182	995	8.32667268468867e-17	1
3CA_data__10X__cells-50000__rep-2__engine-both__ablation-full	3CA_data__10X	50000	112002	ok	ok	ok	561.409	45.434	55.844	12.3565831755954	10.0531659623236	0.813587851873075	27	10635	12156	1178301	1190457	0.0102112046046182	995	8.32667268468867e-17	1
3CA_data__10X__cells-50000__rep-3__engine-both__ablation-full	3CA_data__10X	50000	112003	ok	ok	ok	566.818	46.549	53.505	12.1768029388386	10.5937389029063	0.869993458555275	27	10635	12156	1178301	1190457	0.0102112046046182	995	8.32667268468867e-17	1
3CA_data__10X__cells-all__rep-1__engine-both__ablation-full	3CA_data__10X	all	112001	ok	ok	ok	542.17	45.804	58.048	11.8367391494193	9.3400289415656	0.789071113561191	27	10635	12156	1178301	1190457	0.0102112046046182	995	8.32667268468867e-17	1
3CA_data__10X__cells-all__rep-2__engine-both__ablation-full	3CA_data__10X	all	112002	ok	ok	ok	551.974	46.037	53.652	11.989790820427	10.2880414523224	0.858066800864833	27	10635	12156	1178301	1190457	0.0102112046046182	995	8.32667268468867e-17	1
3CA_data__10X__cells-all__rep-3__engine-both__ablation-full	3CA_data__10X	all	112003	ok	ok	ok	532.435	45.775	52.575	11.6315674494812	10.1271516880647	0.870660960532572	27	10635	12156	1178301	1190457	0.0102112046046182	995	8.32667268468867e-17	1
3CA_data__EGAS00001004422__cells-1000__rep-1__engine-both__ablation-full	3CA_data__EGAS00001004422	1000	101001	ok	ok	ok	163.773	3.305	4.195	49.5531013615734	39.0400476758045	0.787842669845054	12	1636	2173	182723	184896	0.0117525527864313	1003	1.11022302462516e-16	1
3CA_data__EGAS00001004422__cells-1000__rep-2__engine-both__ablation-full	3CA_data__EGAS00001004422	1000	101002	ok	ok	ok	149.759	3.24	4.096	46.2219135802469	36.562255859375	0.791015625	11	1290	1722	147471	149193	0.0115420964790573	1003	1.11022302462516e-16	1
3CA_data__EGAS00001004422__cells-1000__rep-3__engine-both__ablation-full	3CA_data__EGAS00001004422	1000	101003	ok	ok	ok	165.512	3.347	4.235	49.4508515088139	39.0819362455726	0.790318772136954	12	1585	1997	190819	192816	0.010357024313335	1003	1.11022302462516e-16	1
3CA_data__EGAS00001004422__cells-10000__rep-1__engine-both__ablation-full	3CA_data__EGAS00001004422	10000	101001	ok	ok	ok	418.151	32.582	35.248	12.8338039408262	11.8631128007263	0.924364502950522	25	9237	11134	1013866	1025000	0.0108624390243902	1003	1.11022302462516e-16	1
3CA_data__EGAS00001004422__cells-10000__rep-2__engine-both__ablation-full	3CA_data__EGAS00001004422	10000	101002	ok	ok	ok	413.6	32.592	33.355	12.6902307314678	12.3999400389747	0.977124868835257	22	7916	9157	812191	821348	0.0111487457204498	1003	8.32667268468867e-17	1
3CA_data__EGAS00001004422__cells-10000__rep-3__engine-both__ablation-full	3CA_data__EGAS00001004422	10000	101003	ok	ok	ok	438.509	32.615	36.662	13.4450099647401	11.9608586547379	0.889613223501173	23	7981	9311	854017	863328	0.0107850087104785	1003	1.38777878078145e-16	1
3CA_data__EGAS00001004422__cells-25000__rep-1__engine-both__ablation-full	3CA_data__EGAS00001004422	25000	101001	ok	ok	ok	727.146	81.19	80.01	8.95610296834585	9.08818897637795	1.01474815648044	30	13675	15518	1561282	1576800	0.00984145104008118	1003	1.11022302462516e-16	1
3CA_data__EGAS00001004422__cells-25000__rep-2__engine-both__ablation-full	3CA_data__EGAS00001004422	25000	101002	ok	ok	ok	683.49	81.443	84.274	8.39224979433469	8.11033058831906	0.966407195576334	29	13558	15425	1443710	1459135	0.0105713316451185	1003	1.38777878078145e-16	1
3CA_data__EGAS00001004422__cells-25000__rep-3__engine-both__ablation-full	3CA_data__EGAS00001004422	25000	101003	ok	ok	ok	690.737	83.393	79.754	8.28291343398127	8.66084459713619	1.04562780550192	28	12128	13691	1361445	1375136	0.00995610615968166	1003	1.11022302462516e-16	1
3CA_data__EGAS00001004422__cells-5000__rep-1__engine-both__ablation-full	3CA_data__EGAS00001004422	5000	101001	ok	ok	ok	294.464	14.864	18.234	19.810548977395	16.1491718767138	0.815180432159702	19	6252	7282	563098	570380	0.0127669273116168	1003	8.32667268468867e-17	1
3CA_data__EGAS00001004422__cells-5000__rep-2__engine-both__ablation-full	3CA_data__EGAS00001004422	5000	101002	ok	ok	ok	307.781	14.781	18.215	20.822745416413	16.8971177600878	0.811474059840791	20	6897	8068	631532	639600	0.012614133833646	1003	1.11022302462516e-16	1
3CA_data__EGAS00001004422__cells-5000__rep-3__engine-both__ablation-full	3CA_data__EGAS00001004422	5000	101003	ok	ok	ok	300.087	15.335	17.283	19.5687642647538	17.3631314007985	0.887288086559046	20	5448	6637	617763	624400	0.0106294042280589	1003	1.11022302462516e-16	1
3CA_data__EGAS00001004422__cells-50000__rep-1__engine-both__ablation-full	3CA_data__EGAS00001004422	50000	101001	ok	ok	ok	1011.184	189.977	170.917	5.32266537528227	5.91622834475213	1.11151611600953	31	14184	16036	1695505	1711541	0.00936933441851525	1003	1.11022302462516e-16	1
3CA_data__EGAS00001004422__cells-50000__rep-2__engine-both__ablation-full	3CA_data__EGAS00001004422	50000	101002	ok	ok	ok	964.864	178.692	168.608	5.3995925950798	5.72252799392674	1.05980736382615	32	15400	17425	1768431	1785856	0.0097572256665711	1003	1.11022302462516e-16	1
3CA_data__EGAS00001004422__cells-50000__rep-3__engine-both__ablation-full	3CA_data__EGAS00001004422	50000	101003	ok	ok	ok	1007.251	180.067	170.88	5.59375676831402	5.89449321161049	1.05376287453184	32	14531	16738	1788574	1805312	0.00927152758082813	1003	1.11022302462516e-16	1
3CA_data__EGAS00001004422__cells-all__rep-1__engine-both__ablation-full	3CA_data__EGAS00001004422	all	101001	ok	ok	ok	1572.552	412.201	382.793	3.8150125788147	4.10810020036939	1.076824811321	32	15332	17372	1789988	1807360	0.00961180949008499	1003	1.11022302462516e-16	1
3CA_data__EGAS00001004422__cells-all__rep-2__engine-both__ablation-full	3CA_data__EGAS00001004422	all	101002	ok	ok	ok	1535.642	427.007	364.273	3.5962923324442	4.2156349770639	1.17221699110283	32	15332	17372	1789988	1807360	0.00961180949008499	1003	1.11022302462516e-16	1
3CA_data__EGAS00001004422__cells-all__rep-3__engine-both__ablation-full	3CA_data__EGAS00001004422	all	101003	ok	ok	ok	1600.082	392.184	370.199	4.07992676906758	4.32222129179171	1.05938697835488	32	15332	17372	1789988	1807360	0.00961180949008499	1003	1.11022302462516e-16	1
3CA_data__Group1__cells-1000__rep-1__engine-both__ablation-full	3CA_data__Group1	1000	108001	ok	ok	ok	89.528	2.821	2.761	31.7362637362637	32.4259326331039	1.02173125679102	12	1510	2287	55169	57456	0.0398043720412141	429	5.55111512312578e-17	1
3CA_data__Group1__cells-1000__rep-2__engine-both__ablation-full	3CA_data__Group1	1000	108002	ok	ok	ok	80.281	2.897	2.759	27.7117707973766	29.0978615440377	1.05001812250816	11	1218	1908	46734	48642	0.0392253607993092	429	5.55111512312578e-17	1
3CA_data__Group1__cells-1000__rep-3__engine-both__ablation-full	3CA_data__Group1	1000	108003	ok	ok	ok	82.828	2.773	2.725	29.869455463397	30.3955963302752	1.01761467889908	11	1168	1775	44689	46464	0.0382016184573003	429	5.55111512312578e-17	1
3CA_data__Group1__cells-10000__rep-1__engine-both__ablation-full	3CA_data__Group1	10000	108001	ok	ok	ok	208.875	24.356	24.925	8.57591558548202	8.38014042126379	0.977171514543631	23	6741	9015	215281	224296	0.0401924242964654	429	5.55111512312578e-17	1
3CA_data__Group1__cells-10000__rep-2__engine-both__ablation-full	3CA_data__Group1	10000	108002	ok	ok	ok	213.798	25.089	26.4	8.52158316393639	8.09840909090909	0.950340909090909	23	7455	9831	214465	224296	0.0438304740164782	429	5.55111512312578e-17	1
3CA_data__Group1__cells-10000__rep-3__engine-both__ablation-full	3CA_data__Group1	10000	108003	ok	ok	ok	201.696	24.668	25.08	8.17642289605967	8.04210526315789	0.983572567783094	22	6590	8720	196496	205216	0.0424918135038204	429	5.55111512312578e-17	1
3CA_data__Group1__cells-25000__rep-1__engine-both__ablation-full	3CA_data__Group1	25000	108001	ok	ok	ok	297.834	60.207	59.514	4.94683342468484	5.00443593104144	1.01164431898377	25	8286	10805	254195	265000	0.0407735849056604	429	5.55111512312578e-17	1
3CA_data__Group1__cells-25000__rep-2__engine-both__ablation-full	3CA_data__Group1	25000	108002	ok	ok	ok	297.895	61.392	61.385	4.85234232473286	4.8528956585485	1.00011403437322	25	8269	10755	254245	265000	0.0405849056603774	429	5.55111512312578e-17	1
3CA_data__Group1__cells-25000__rep-3__engine-both__ablation-full	3CA_data__Group1	25000	108003	ok	ok	ok	291.538	60.92	61.95	4.78558765594222	4.70602098466505	0.983373688458434	24	7636	9894	234330	244224	0.0405119889937107	429	5.55111512312578e-17	1
3CA_data__Group1__cells-5000__rep-1__engine-both__ablation-full	3CA_data__Group1	5000	108001	ok	ok	ok	164.902	12.637	13.114	13.0491414101448	12.5745005337807	0.963626658532866	19	4518	6188	146876	153064	0.0404275335807244	429	5.55111512312578e-17	1
3CA_data__Group1__cells-5000__rep-2__engine-both__ablation-full	3CA_data__Group1	5000	108002	ok	ok	ok	161.955	12.565	12.933	12.8893752487067	12.5226165622825	0.971545658393258	18	4030	5522	131530	137052	0.0402912763038847	429	5.55111512312578e-17	1
3CA_data__Group1__cells-5000__rep-3__engine-both__ablation-full	3CA_data__Group1	5000	108003	ok	ok	ok	168.459	12.744	13.168	13.2186911487759	12.7930589307412	0.967800729040097	20	4910	6626	162974	169600	0.0390683962264151	429	5.55111512312578e-17	1
3CA_data__Group1__cells-50000__rep-1__engine-both__ablation-full	3CA_data__Group1	50000	108001	ok	ok	ok	294.113	67.109	62.883	4.38261634058025	4.67714644657539	1.0672041728289	24	7589	9701	234523	244224	0.039721730870021	429	5.55111512312578e-17	1
3CA_data__Group1__cells-50000__rep-2__engine-both__ablation-full	3CA_data__Group1	50000	108002	ok	ok	ok	296.056	66.546	62.964	4.4488924954167	4.70198843783749	1.05688965122927	24	7589	9701	234523	244224	0.039721730870021	429	5.55111512312578e-17	1
3CA_data__Group1__cells-50000__rep-3__engine-both__ablation-full	3CA_data__Group1	50000	108003	ok	ok	ok	295.025	64.278	63.037	4.58982855720464	4.68018782619731	1.01968685057982	24	7589	9701	234523	244224	0.039721730870021	429	5.55111512312578e-17	1
3CA_data__Group1__cells-all__rep-1__engine-both__ablation-full	3CA_data__Group1	all	108001	ok	ok	ok	297.755	66.657	65.452	4.4669727110431	4.54921163600807	1.01841043818371	24	7589	9701	234523	244224	0.039721730870021	429	5.55111512312578e-17	1
3CA_data__Group1__cells-all__rep-2__engine-both__ablation-full	3CA_data__Group1	all	108002	ok	ok	ok	292.954	66.08	63.124	4.43332324455206	4.64092896521133	1.04682846460934	24	7589	9701	234523	244224	0.039721730870021	429	5.55111512312578e-17	1
3CA_data__Group1__cells-all__rep-3__engine-both__ablation-full	3CA_data__Group1	all	108003	ok	ok	ok	303.085	64.716	62.823	4.68330860992645	4.82442735940659	1.03013227639559	24	7589	9701	234523	244224	0.039721730870021	429	5.55111512312578e-17	1
3CA_data__Group2__cells-1000__rep-1__engine-both__ablation-full	3CA_data__Group2	1000	106001	ok	ok	ok	144.568	4.393	4.677	32.9087184156613	30.9104126576866	0.939277314517853	8	727	1060	68700	69760	0.0151949541284404	1010	5.55111512312578e-17	1
3CA_data__Group2__cells-1000__rep-2__engine-both__ablation-full	3CA_data__Group2	1000	106002	ok	ok	ok	154.845	4.341	4.667	35.6703524533518	33.1787015213199	0.930147846582387	9	829	1195	97382	98577	0.0121225032208324	1010	5.55111512312578e-17	1
3CA_data__Group2__cells-1000__rep-3__engine-both__ablation-full	3CA_data__Group2	1000	106003	ok	ok	ok	147.44	4.362	4.725	33.8010087116002	31.2042328042328	0.923174603174603	8	807	1130	66134	67264	0.0167994766888677	1010	8.32667268468867e-17	1
3CA_data__Group2__cells-10000__rep-1__engine-both__ablation-full	3CA_data__Group2	10000	106001	ok	ok	ok	424.179	38.509	39.872	11.0150614142149	10.638518258427	0.965815609951846	20	5564	7130	667270	674400	0.0105723606168446	1010	9.71445146547012e-17	1
3CA_data__Group2__cells-10000__rep-2__engine-both__ablation-full	3CA_data__Group2	10000	106002	ok	ok	ok	408.814	38.274	39.011	10.681245754298	10.4794545128297	0.981107892645664	19	4890	6248	615033	621281	0.0100566410368255	1010	5.55111512312578e-17	1
3CA_data__Group2__cells-10000__rep-3__engine-both__ablation-full	3CA_data__Group2	10000	106003	ok	ok	ok	426.837	38.037	40.179	11.2216263112233	10.6233853505563	0.946688568655268	20	6042	7613	666787	674400	0.0112885527876631	1010	8.32667268468867e-17	1
3CA_data__Group2__cells-25000__rep-1__engine-both__ablation-full	3CA_data__Group2	25000	106001	ok	ok	ok	588.291	94.677	93.714	6.21366329731614	6.27751456559319	1.01027594596325	21	5942	7452	769590	777042	0.00959021520072274	1010	5.55111512312578e-17	1
3CA_data__Group2__cells-25000__rep-2__engine-both__ablation-full	3CA_data__Group2	25000	106002	ok	ok	ok	592.494	94.359	92.996	6.27914666327536	6.3711772549357	1.0146565443675	21	5945	7520	755851	763371	0.00985104228481302	1010	5.55111512312578e-17	1
3CA_data__Group2__cells-25000__rep-3__engine-both__ablation-full	3CA_data__Group2	25000	106003	ok	ok	ok	565.427	94.683	93.645	5.97179007847238	6.03798387527364	1.01108441454429	20	5590	7058	688142	695200	0.0101524741081703	1010	8.32667268468867e-17	1
3CA_data__Group2__cells-5000__rep-1__engine-both__ablation-full	3CA_data__Group2	5000	106001	ok	ok	ok	307.014	19.412	21.346	15.8156810220482	14.382741497236	0.909397545207533	16	2752	3745	405087	408832	0.00916024185973701	1010	5.55111512312578e-17	1
3CA_data__Group2__cells-5000__rep-2__engine-both__ablation-full	3CA_data__Group2	5000	106002	ok	ok	ok	306.546	19.711	20.177	15.5520267870732	15.1928433364722	0.976904396094563	16	3440	4491	409717	414208	0.0108423787082818	1010	5.55111512312578e-17	1
3CA_data__Group2__cells-5000__rep-3__engine-both__ablation-full	3CA_data__Group2	5000	106003	ok	ok	ok	296.401	19.478	20.679	15.2172194270459	14.333430049809	0.941921756371198	15	3213	4144	350906	355050	0.0116715955499225	1010	5.55111512312578e-17	1
3CA_data__Group2__cells-50000__rep-1__engine-both__ablation-full	3CA_data__Group2	50000	106001	ok	ok	ok	604.808	108.862	107.638	5.55573110911062	5.61890782065813	1.01137144874487	20	5507	6874	690326	697200	0.00985943775100402	1010	8.32667268468867e-17	1
3CA_data__Group2__cells-50000__rep-2__engine-both__ablation-full	3CA_data__Group2	50000	106002	ok	ok	ok	606.032	113.43	114.588	5.34278409591819	5.28879114741509	0.989894229762279	20	5507	6874	690326	697200	0.00985943775100402	1010	8.32667268468867e-17	1
3CA_data__Group2__cells-50000__rep-3__engine-both__ablation-full	3CA_data__Group2	50000	106003	ok	ok	ok	611.265	113.91	106.408	5.36621016592046	5.74453988421923	1.07050221787835	20	5507	6874	690326	697200	0.00985943775100402	1010	8.32667268468867e-17	1
3CA_data__Group2__cells-all__rep-1__engine-both__ablation-full	3CA_data__Group2	all	106001	ok	ok	ok	614.741	109.482	106.989	5.61499607241373	5.74583368383666	1.02330146089785	20	5507	6874	690326	697200	0.00985943775100402	1010	8.32667268468867e-17	1
3CA_data__Group2__cells-all__rep-2__engine-both__ablation-full	3CA_data__Group2	all	106002	ok	ok	ok	615.435	109.214	115.117	5.63512919589064	5.34616954924121	0.948721735278021	20	5507	6874	690326	697200	0.00985943775100402	1010	8.32667268468867e-17	1
3CA_data__Group2__cells-all__rep-3__engine-both__ablation-full	3CA_data__Group2	all	106003	ok	ok	ok	611.951	108.681	113.407	5.63070821946798	5.39606020792367	0.958327087393194	20	5507	6874	690326	697200	0.00985943775100402	1010	8.32667268468867e-17	1
3CA_data__PRJNA289244__cells-1000__rep-1__engine-both__ablation-full	3CA_data__PRJNA289244	1000	107001	ok	ok	ok	164.427	6.465	6.479	25.4334106728538	25.3784534650409	0.997839172711838	9	2349	6054	85314	91368	0.0662595219332808	997	1.11022302462516e-16	1
3CA_data__PRJNA289244__cells-1000__rep-2__engine-both__ablation-full	3CA_data__PRJNA289244	1000	107002	ok	ok	ok	170.944	6.185	6.533	27.6384801940178	26.1662329710699	0.946731976121231	9	2439	6630	85143	91773	0.0722434703017227	997	1.11022302462516e-16	1
3CA_data__PRJNA289244__cells-1000__rep-3__engine-both__ablation-full	3CA_data__PRJNA289244	1000	107003	ok	ok	ok	164.557	6.766	6.45	24.3211646467632	25.5127131782946	1.04899224806202	9	2391	6100	79031	85131	0.0716542740012451	997	5.55111512312578e-17	1
3CA_data__PRJNA289244__cells-10000__rep-1__engine-both__ablation-full	3CA_data__PRJNA289244	10000	107001	ok	ok	ok	235.168	24.988	25.598	9.4112373939491	9.18696773185405	0.976170013282288	11	4840	10205	162341	172546	0.059143648650215	997	5.55111512312578e-17	1
3CA_data__PRJNA289244__cells-10000__rep-2__engine-both__ablation-full	3CA_data__PRJNA289244	10000	107002	ok	ok	ok	232.551	24.017	24.353	9.68276637381854	9.54917258653965	0.986202931876976	11	4840	10205	162341	172546	0.059143648650215	997	5.55111512312578e-17	1
3CA_data__PRJNA289244__cells-10000__rep-3__engine-both__ablation-full	3CA_data__PRJNA289244	10000	107003	ok	ok	ok	235.015	24.213	26.329	9.70614958906373	8.92608910327016	0.919632344563029	11	4840	10205	162341	172546	0.059143648650215	997	5.55111512312578e-17	1
3CA_data__PRJNA289244__cells-25000__rep-1__engine-both__ablation-full	3CA_data__PRJNA289244	25000	107001	ok	ok	ok	236.762	25.301	25.206	9.35781194419193	9.39308101245735	1.00376894390225	11	4840	10205	162341	172546	0.059143648650215	997	5.55111512312578e-17	1
3CA_data__PRJNA289244__cells-25000__rep-2__engine-both__ablation-full	3CA_data__PRJNA289244	25000	107002	ok	ok	ok	234.78	24.14	25.713	9.72576636288318	9.13078987282698	0.938824719013728	11	4840	10205	162341	172546	0.059143648650215	997	5.55111512312578e-17	1
3CA_data__PRJNA289244__cells-25000__rep-3__engine-both__ablation-full	3CA_data__PRJNA289244	25000	107003	ok	ok	ok	237.586	24.438	24.252	9.72199034290859	9.79655286161966	1.00766947055913	11	4840	10205	162341	172546	0.059143648650215	997	5.55111512312578e-17	1
3CA_data__PRJNA289244__cells-5000__rep-1__engine-both__ablation-full	3CA_data__PRJNA289244	5000	107001	ok	ok	ok	234.222	24.395	25.3	9.60122976019676	9.25778656126482	0.964229249011858	11	4840	10205	162341	172546	0.059143648650215	997	5.55111512312578e-17	1
3CA_data__PRJNA289244__cells-5000__rep-2__engine-both__ablation-full	3CA_data__PRJNA289244	5000	107002	ok	ok	ok	235.682	24.479	25.475	9.62792597736836	9.2515014720314	0.96090284592738	11	4840	10205	162341	172546	0.059143648650215	997	5.55111512312578e-17	1
3CA_data__PRJNA289244__cells-5000__rep-3__engine-both__ablation-full	3CA_data__PRJNA289244	5000	107003	ok	ok	ok	234.185	24.217	24.308	9.67027294875501	9.63407108770775	0.996256376501563	11	4840	10205	162341	172546	0.059143648650215	997	5.55111512312578e-17	1
3CA_data__PRJNA289244__cells-50000__rep-1__engine-both__ablation-full	3CA_data__PRJNA289244	50000	107001	ok	ok	ok	240.146	24.257	25.355	9.90007008286268	9.47134687438375	0.956694931966082	11	4840	10205	162341	172546	0.059143648650215	997	5.55111512312578e-17	1
3CA_data__PRJNA289244__cells-50000__rep-2__engine-both__ablation-full	3CA_data__PRJNA289244	50000	107002	ok	ok	ok	237.7	24.246	25.357	9.80367895735379	9.37413731908349	0.956185668651654	11	4840	10205	162341	172546	0.059143648650215	997	5.55111512312578e-17	1
3CA_data__PRJNA289244__cells-50000__rep-3__engine-both__ablation-full	3CA_data__PRJNA289244	50000	107003	ok	ok	ok	234.458	24.006	26.231	9.7666416729151	8.93820288971065	0.915176699325226	11	4840	10205	162341	172546	0.059143648650215	997	5.55111512312578e-17	1
3CA_data__PRJNA289244__cells-all__rep-1__engine-both__ablation-full	3CA_data__PRJNA289244	all	107001	ok	ok	ok	235.681	24.344	25.509	9.68127670062438	9.23913128699675	0.954329844368654	11	4840	10205	162341	172546	0.059143648650215	997	5.55111512312578e-17	1
3CA_data__PRJNA289244__cells-all__rep-2__engine-both__ablation-full	3CA_data__PRJNA289244	all	107002	ok	ok	ok	239.567	24.183	25.184	9.90642186660051	9.512666772554	0.960252541296061	11	4840	10205	162341	172546	0.059143648650215	997	5.55111512312578e-17	1
3CA_data__PRJNA289244__cells-all__rep-3__engine-both__ablation-full	3CA_data__PRJNA289244	all	107003	ok	ok	ok	238.859	24.222	24.871	9.86124184625547	9.60391620763138	0.97390535161433	11	4840	10205	162341	172546	0.059143648650215	997	5.55111512312578e-17	1
3CA_data__PRJNA395045__cells-1000__rep-1__engine-both__ablation-full	3CA_data__PRJNA395045	1000	102001	ok	ok	ok	217.742	4.715	5.175	46.1806998939555	42.0757487922705	0.911111111111111	11	5710	7041	161633	168674	0.0417432443648695	1011	8.32667268468867e-17	1
3CA_data__PRJNA395045__cells-1000__rep-2__engine-both__ablation-full	3CA_data__PRJNA395045	1000	102002	ok	ok	ok	233.497	5.128	5.292	45.533736349454	44.1226379440665	0.969009826152683	12	5979	7897	203063	210960	0.0374336367083807	1011	8.32667268468867e-17	1
3CA_data__PRJNA395045__cells-1000__rep-3__engine-both__ablation-full	3CA_data__PRJNA395045	1000	102003	ok	ok	ok	253.308	5.026	5.164	50.3995224830879	49.0526723470178	0.973276529821844	13	7178	9272	240510	249782	0.0371203689617346	1011	8.32667268468867e-17	1
3CA_data__PRJNA395045__cells-10000__rep-1__engine-both__ablation-full	3CA_data__PRJNA395045	10000	102001	ok	ok	ok	430.119	38.441	40.671	11.1890689628261	10.575569816331	0.945169776990976	19	16981	20250	614749	634999	0.0318898139997071	1011	5.55111512312578e-17	1
3CA_data__PRJNA395045__cells-10000__rep-2__engine-both__ablation-full	3CA_data__PRJNA395045	10000	102002	ok	ok	ok	403.265	38.887	40.969	10.3701751227917	9.84317410725182	0.949181088139813	17	13628	16087	483016	499103	0.0322318238920624	1011	5.55111512312578e-17	1
3CA_data__PRJNA395045__cells-10000__rep-3__engine-both__ablation-full	3CA_data__PRJNA395045	10000	102003	ok	ok	ok	435.895	39.653	40.248	10.9927369934179	10.8302275889485	0.985216656728285	19	16716	19749	607669	627418	0.031476623240009	1011	5.55111512312578e-17	1
3CA_data__PRJNA395045__cells-25000__rep-1__engine-both__ablation-full	3CA_data__PRJNA395045	25000	102001	ok	ok	ok	645.223	97.049	104.764	6.64842502241136	6.15882364170898	0.926358291015998	22	19974	23701	848951	872652	0.027159738360767	1011	4.16333634234434e-17	1
3CA_data__PRJNA395045__cells-25000__rep-2__engine-both__ablation-full	3CA_data__PRJNA395045	25000	102002	ok	ok	ok	645.376	96.092	106.048	6.71623027931566	6.08569704284852	0.906117984308992	23	26848	31146	922112	953258	0.0326732112397693	1011	1.11022302462516e-16	1
3CA_data__PRJNA395045__cells-25000__rep-3__engine-both__ablation-full	3CA_data__PRJNA395045	25000	102003	ok	ok	ok	623.882	93.962	96.811	6.63972669802686	6.44432967328093	0.970571525962959	21	18662	21953	768319	790272	0.027779043164885	1011	5.55111512312578e-17	1
3CA_data__PRJNA395045__cells-5000__rep-1__engine-both__ablation-full	3CA_data__PRJNA395045	5000	102001	ok	ok	ok	320.876	20.048	22.066	16.0053870710295	14.541647783921	0.908547086014683	15	9351	11169	357156	368325	0.0303237629810629	1011	5.55111512312578e-17	1
3CA_data__PRJNA395045__cells-5000__rep-2__engine-both__ablation-full	3CA_data__PRJNA395045	5000	102002	ok	ok	ok	347.196	20.008	22.035	17.3528588564574	15.7565690946222	0.908009984116179	17	13673	16218	463811	480029	0.0337854587951978	1011	5.55111512312578e-17	1
3CA_data__PRJNA395045__cells-5000__rep-3__engine-both__ablation-full	3CA_data__PRJNA395045	5000	102003	ok	ok	ok	337.253	20.025	22.288	16.8415980024969	15.1315954773869	0.898465541995693	16	10962	13236	417612	430848	0.0307208110516934	1011	8.32667268468867e-17	1
3CA_data__PRJNA395045__cells-50000__rep-1__engine-both__ablation-full	3CA_data__PRJNA395045	50000	102001	ok	ok	ok	985.486	210.534	204.434	4.68088764760086	4.82055822417015	1.02983848087891	27	38605	43741	1249505	1293246	0.0338226447249789	1011	8.32667268468867e-17	1
3CA_data__PRJNA395045__cells-50000__rep-2__engine-both__ablation-full	3CA_data__PRJNA395045	50000	102002	ok	ok	ok	977.027	203.474	203.941	4.80172896782881	4.79073359451998	0.997710122045101	27	35793	41263	1251254	1292517	0.0319245317469712	1011	8.32667268468867e-17	1
3CA_data__PRJNA395045__cells-50000__rep-3__engine-both__ablation-full	3CA_data__PRJNA395045	50000	102003	ok	ok	ok	971.883	205.318	206.217	4.73354990794767	4.7129140662506	0.995640514603549	27	35816	41325	1244631	1285956	0.0321356251691349	1011	5.55111512312578e-17	1
3CA_data__PRJNA395045__cells-all__rep-1__engine-both__ablation-full	3CA_data__PRJNA395045	all	102001	ok	ok	ok	1146.899	231.195	248.42	4.96074309565518	4.61677401175429	0.93066178246518	29	45935	52084	1443214	1495298	0.0348318529149374	1011	8.32667268468867e-17	1
3CA_data__PRJNA395045__cells-all__rep-2__engine-both__ablation-full	3CA_data__PRJNA395045	all	102002	ok	ok	ok	1157.467	239.438	250.605	4.83409901519391	4.61869076834062	0.955439835597853	29	45935	52084	1443214	1495298	0.0348318529149374	1011	8.32667268468867e-17	1
3CA_data__PRJNA395045__cells-all__rep-3__engine-both__ablation-full	3CA_data__PRJNA395045	all	102003	ok	ok	ok	1159.561	242.261	246.448	4.78641217529854	4.70509397519964	0.983010614815296	29	45935	52084	1443214	1495298	0.0348318529149374	1011	8.32667268468867e-17	1
3CA_data__PRJNA490728__cells-1000__rep-1__engine-both__ablation-full	3CA_data__PRJNA490728	1000	105001	ok	ok	ok	262.415	6.522	6.647	40.2353572523766	39.4787122009929	0.981194523845344	15	7411	15081	333669	348750	0.0432430107526882	997	8.32667268468867e-17	1
3CA_data__PRJNA490728__cells-1000__rep-2__engine-both__ablation-full	3CA_data__PRJNA490728	1000	105002	ok	ok	ok	252.311	6.702	6.728	37.6471202626082	37.5016349583829	0.996135552913199	14	6205	13276	268180	281456	0.0471690068785174	997	5.55111512312578e-17	1
3CA_data__PRJNA490728__cells-1000__rep-3__engine-both__ablation-full	3CA_data__PRJNA490728	1000	105003	ok	ok	ok	237.436	6.078	6.403	39.0648239552484	37.0819928158676	0.949242542558176	14	4686	10652	276096	286748	0.0371475999832606	997	5.55111512312578e-17	1
3CA_data__PRJNA490728__cells-10000__rep-1__engine-both__ablation-full	3CA_data__PRJNA490728	10000	105001	ok	ok	ok	527.242	45.699	46.288	11.5372765268387	11.3904683719323	0.987275319737297	27	31286	51024	1253157	1304181	0.0391234038833567	997	8.32667268468867e-17	1
3CA_data__PRJNA490728__cells-10000__rep-2__engine-both__ablation-full	3CA_data__PRJNA490728	10000	105002	ok	ok	ok	522.552	45.763	49.562	11.4186569936412	10.5434001856261	0.923348533150397	27	31286	51024	1253157	1304181	0.0391234038833567	997	8.32667268468867e-17	1
3CA_data__PRJNA490728__cells-10000__rep-3__engine-both__ablation-full	3CA_data__PRJNA490728	10000	105003	ok	ok	ok	528.102	46.171	45.842	11.4379588919452	11.5200471183631	1.00717682474587	27	31286	51024	1253157	1304181	0.0391234038833567	997	8.32667268468867e-17	1
3CA_data__PRJNA490728__cells-25000__rep-1__engine-both__ablation-full	3CA_data__PRJNA490728	25000	105001	ok	ok	ok	525.561	46.19	46.287	11.3782420437324	11.3543975630307	0.997904379199343	27	31286	51024	1253157	1304181	0.0391234038833567	997	8.32667268468867e-17	1
3CA_data__PRJNA490728__cells-25000__rep-2__engine-both__ablation-full	3CA_data__PRJNA490728	25000	105002	ok	ok	ok	524.887	45.933	47.781	11.427230966843	10.98526610996	0.961323538645068	27	31286	51024	1253157	1304181	0.0391234038833567	997	8.32667268468867e-17	1
3CA_data__PRJNA490728__cells-25000__rep-3__engine-both__ablation-full	3CA_data__PRJNA490728	25000	105003	ok	ok	ok	532.115	45.671	45.94	11.6510477108012	11.5828254244667	0.994144536351763	27	31286	51024	1253157	1304181	0.0391234038833567	997	8.32667268468867e-17	1
3CA_data__PRJNA490728__cells-5000__rep-1__engine-both__ablation-full	3CA_data__PRJNA490728	5000	105001	ok	ok	ok	445.633	27.318	29.108	16.3127974229446	15.3096399615226	0.938504878383949	24	23661	40781	985651	1026432	0.0397308345803716	997	5.55111512312578e-17	1
3CA_data__PRJNA490728__cells-5000__rep-2__engine-both__ablation-full	3CA_data__PRJNA490728	5000	105002	ok	ok	ok	453.937	27.418	28.09	16.5561674812167	16.1600925596298	0.976076895692417	25	23489	41968	1050532	1092500	0.0384146453089245	997	8.32667268468867e-17	1
3CA_data__PRJNA490728__cells-5000__rep-3__engine-both__ablation-full	3CA_data__PRJNA490728	5000	105003	ok	ok	ok	446.379	27.245	29.908	16.3838869517343	14.925070215327	0.910960278186438	24	21479	37720	961640	999360	0.0377441562600064	997	8.32667268468867e-17	1
3CA_data__PRJNA490728__cells-50000__rep-1__engine-both__ablation-full	3CA_data__PRJNA490728	50000	105001	ok	ok	ok	530.076	45.587	45.892	11.6277886239498	11.5505098927918	0.993353961474767	27	31286	51024	1253157	1304181	0.0391234038833567	997	8.32667268468867e-17	1
3CA_data__PRJNA490728__cells-50000__rep-2__engine-both__ablation-full	3CA_data__PRJNA490728	50000	105002	ok	ok	ok	532.696	45.844	47.732	11.6197539481721	11.1601441381044	0.960445822509009	27	31286	51024	1253157	1304181	0.0391234038833567	997	8.32667268468867e-17	1
3CA_data__PRJNA490728__cells-50000__rep-3__engine-both__ablation-full	3CA_data__PRJNA490728	50000	105003	ok	ok	ok	528.558	45.368	46.305	11.6504584729325	11.414706835115	0.9797646042544	27	31286	51024	1253157	1304181	0.0391234038833567	997	8.32667268468867e-17	1
3CA_data__PRJNA490728__cells-all__rep-1__engine-both__ablation-full	3CA_data__PRJNA490728	all	105001	ok	ok	ok	525.766	45.662	48.054	11.5143007314616	10.9411495401007	0.950222666167229	27	31286	51024	1253157	1304181	0.0391234038833567	997	8.32667268468867e-17	1
3CA_data__PRJNA490728__cells-all__rep-2__engine-both__ablation-full	3CA_data__PRJNA490728	all	105002	ok	ok	ok	522.523	45.91	49.407	11.3814637333914	10.5758900560649	0.929220555791689	27	31286	51024	1253157	1304181	0.0391234038833567	997	8.32667268468867e-17	1
3CA_data__PRJNA490728__cells-all__rep-3__engine-both__ablation-full	3CA_data__PRJNA490728	all	105003	ok	ok	ok	528.227	46.613	47.364	11.3321820093107	11.1524997888692	0.984144075669285	27	31286	51024	1253157	1304181	0.0391234038833567	997	8.32667268468867e-17	1
3CA_data__PRJNA593551__cells-1000__rep-1__engine-both__ablation-full	3CA_data__PRJNA593551	1000	109001	ok	ok	ok	289.552	6.823	7.021	42.4376374029019	41.2408488819257	0.971798889047144	15	14782	26508	297267	323775	0.0818716701413018	895	1.38777878078145e-16	1
3CA_data__PRJNA593551__cells-1000__rep-2__engine-both__ablation-full	3CA_data__PRJNA593551	1000	109002	ok	ok	ok	285.015	6.536	6.921	43.6069461444308	41.1811876896402	0.944372200549053	15	14883	27282	295368	322650	0.0845560204556021	895	8.32667268468867e-17	1
3CA_data__PRJNA593551__cells-1000__rep-3__engine-both__ablation-full	3CA_data__PRJNA593551	1000	109003	ok	ok	ok	269.114	6.519	7.113	41.2814848903206	37.8341065654435	0.916490932096162	14	13439	24287	258737	283024	0.0858125105998078	895	5.55111512312578e-17	1
3CA_data__PRJNA593551__cells-10000__rep-1__engine-both__ablation-full	3CA_data__PRJNA593551	10000	109001	ok	ok	ok	450.781	35.975	37.625	12.5303961084086	11.9808903654485	0.956146179401993	22	36667	56402	712674	769076	0.0733373554759218	895	8.32667268468867e-17	1
3CA_data__PRJNA593551__cells-10000__rep-2__engine-both__ablation-full	3CA_data__PRJNA593551	10000	109002	ok	ok	ok	452.161	36.643	37.542	12.3396283055427	12.0441372329657	0.976053486761494	22	36667	56402	712674	769076	0.0733373554759218	895	8.32667268468867e-17	1
3CA_data__PRJNA593551__cells-10000__rep-3__engine-both__ablation-full	3CA_data__PRJNA593551	10000	109003	ok	ok	ok	446.482	36.041	36.012	12.3881690297162	12.3981450627569	1.00080528712651	22	36667	56402	712674	769076	0.0733373554759218	895	8.32667268468867e-17	1
3CA_data__PRJNA593551__cells-25000__rep-1__engine-both__ablation-full	3CA_data__PRJNA593551	25000	109001	ok	ok	ok	451.658	36.087	36.141	12.5158090170976	12.4971085470795	0.998505852079356	22	36667	56402	712674	769076	0.0733373554759218	895	8.32667268468867e-17	1
3CA_data__PRJNA593551__cells-25000__rep-2__engine-both__ablation-full	3CA_data__PRJNA593551	25000	109002	ok	ok	ok	453.978	36.187	38.283	12.5453339597093	11.858475041141	0.945249849802784	22	36667	56402	712674	769076	0.0733373554759218	895	8.32667268468867e-17	1
3CA_data__PRJNA593551__cells-25000__rep-3__engine-both__ablation-full	3CA_data__PRJNA593551	25000	109003	ok	ok	ok	449.579	35.854	37.403	12.5391588107324	12.019864716734	0.958586209662327	22	36667	56402	712674	769076	0.0733373554759218	895	8.32667268468867e-17	1
3CA_data__PRJNA593551__cells-5000__rep-1__engine-both__ablation-full	3CA_data__PRJNA593551	5000	109001	ok	ok	ok	396.149	27.157	29.027	14.5873623743418	13.6476039549385	0.935577221207841	20	29907	46785	581615	628400	0.074450986632718	895	5.55111512312578e-17	1
3CA_data__PRJNA593551__cells-5000__rep-2__engine-both__ablation-full	3CA_data__PRJNA593551	5000	109002	ok	ok	ok	404.865	27.1	27.713	14.939667896679	14.6092086746292	0.977880417132754	20	31205	47529	578471	626000	0.0759249201277955	895	5.55111512312578e-17	1
3CA_data__PRJNA593551__cells-5000__rep-3__engine-both__ablation-full	3CA_data__PRJNA593551	5000	109003	ok	ok	ok	419.679	27.297	27.74	15.3745466534784	15.1290194664744	0.984030281182408	21	33976	53054	643285	696339	0.0761899017576209	895	5.55111512312578e-17	1
3CA_data__PRJNA593551__cells-50000__rep-1__engine-both__ablation-full	3CA_data__PRJNA593551	50000	109001	ok	ok	ok	456.006	35.952	37.37	12.6837449933244	12.2024618678084	0.962055124431362	22	36667	56402	712674	769076	0.0733373554759218	895	8.32667268468867e-17	1
3CA_data__PRJNA593551__cells-50000__rep-2__engine-both__ablation-full	3CA_data__PRJNA593551	50000	109002	ok	ok	ok	453.252	35.932	38.942	12.6141600801514	11.6391556674028	0.922705562118022	22	36667	56402	712674	769076	0.0733373554759218	895	8.32667268468867e-17	1
3CA_data__PRJNA593551__cells-50000__rep-3__engine-both__ablation-full	3CA_data__PRJNA593551	50000	109003	ok	ok	ok	448.977	35.809	36.087	12.538104945684	12.4415163355225	0.992296394823621	22	36667	56402	712674	769076	0.0733373554759218	895	8.32667268468867e-17	1
3CA_data__PRJNA593551__cells-all__rep-1__engine-both__ablation-full	3CA_data__PRJNA593551	all	109001	ok	ok	ok	451.947	36.095	36.09	12.5210416955257	12.5227763923525	1.00013854253256	22	36667	56402	712674	769076	0.0733373554759218	895	8.32667268468867e-17	1
3CA_data__PRJNA593551__cells-all__rep-2__engine-both__ablation-full	3CA_data__PRJNA593551	all	109002	ok	ok	ok	450.022	35.677	35.904	12.6137847913221	12.5340352049911	0.993677584670232	22	36667	56402	712674	769076	0.0733373554759218	895	8.32667268468867e-17	1
3CA_data__PRJNA593551__cells-all__rep-3__engine-both__ablation-full	3CA_data__PRJNA593551	all	109003	ok	ok	ok	457.568	35.93	37.663	12.7349846924576	12.1490056554178	0.953986671268885	22	36667	56402	712674	769076	0.0733373554759218	895	8.32667268468867e-17	1
3CA_data__PRJNA638151__cells-1000__rep-1__engine-both__ablation-full	3CA_data__PRJNA638151	1000	103001	ok	ok	ok	219.139	4.373	5.735	50.1118225474503	38.2108108108108	0.762510897994769	13	4659	6073	236442	242515	0.0250417499948457	1011	5.55111512312578e-17	1
3CA_data__PRJNA638151__cells-1000__rep-2__engine-both__ablation-full	3CA_data__PRJNA638151	1000	103002	ok	ok	ok	234.755	4.47	4.747	52.5178970917226	49.4533389509164	0.941647356224984	14	5304	6649	273239	279888	0.0237559309438061	1011	5.55111512312578e-17	1
3CA_data__PRJNA638151__cells-1000__rep-3__engine-both__ablation-full	3CA_data__PRJNA638151	1000	103003	ok	ok	ok	230.527	4.806	4.815	47.9665002080732	47.8768431983385	0.998130841121495	13	4771	6241	242358	248599	0.0251046866640654	1011	4.16333634234434e-17	1
3CA_data__PRJNA638151__cells-10000__rep-1__engine-both__ablation-full	3CA_data__PRJNA638151	10000	103001	ok	ok	ok	486.65	35.397	35.58	13.7483402548239	13.6776278808319	0.994856661045531	24	18707	21534	965730	987264	0.0218117950213925	1011	8.32667268468867e-17	1
3CA_data__PRJNA638151__cells-10000__rep-2__engine-both__ablation-full	3CA_data__PRJNA638151	10000	103002	ok	ok	ok	472.113	35.064	36.15	13.4643223819302	13.0598340248963	0.969958506224066	23	18313	21233	883886	905119	0.0234587938160618	1011	8.32667268468867e-17	1
3CA_data__PRJNA638151__cells-10000__rep-3__engine-both__ablation-full	3CA_data__PRJNA638151	10000	103003	ok	ok	ok	467.994	35.711	37.176	13.105037663465	12.588605551969	0.960592855605767	23	18537	21579	898881	920460	0.0234437129261456	1011	5.55111512312578e-17	1
3CA_data__PRJNA638151__cells-25000__rep-1__engine-both__ablation-full	3CA_data__PRJNA638151	25000	103001	ok	ok	ok	680.102	92.175	95.781	7.37837808516409	7.10059406354079	0.962351614620854	27	24335	27941	1281343	1309284	0.0213406716953694	1011	5.55111512312578e-17	1
3CA_data__PRJNA638151__cells-25000__rep-2__engine-both__ablation-full	3CA_data__PRJNA638151	25000	103002	ok	ok	ok	690.119	88.439	88.518	7.8033333710241	7.79636910007004	0.999107526152873	27	24733	28735	1311167	1339902	0.0214455982601713	1011	8.32667268468867e-17	1
3CA_data__PRJNA638151__cells-25000__rep-3__engine-both__ablation-full	3CA_data__PRJNA638151	25000	103003	ok	ok	ok	667.269	88.765	97.844	7.51725342195685	6.81972323290135	0.907209435427824	27	24124	27957	1272579	1300536	0.0214965214342394	1011	5.55111512312578e-17	1
3CA_data__PRJNA638151__cells-5000__rep-1__engine-both__ablation-full	3CA_data__PRJNA638151	5000	103001	ok	ok	ok	336.726	18.73	19.744	17.977896422851	17.0545988654781	0.94864262560778	18	10104	11874	531474	543348	0.0218533978223901	1011	5.55111512312578e-17	1
3CA_data__PRJNA638151__cells-5000__rep-2__engine-both__ablation-full	3CA_data__PRJNA638151	5000	103002	ok	ok	ok	366.627	18.45	19.682	19.8713821138211	18.6275276902754	0.937404735291129	20	13533	15817	645783	661600	0.0239071946795647	1011	5.55111512312578e-17	1
3CA_data__PRJNA638151__cells-5000__rep-3__engine-both__ablation-full	3CA_data__PRJNA638151	5000	103003	ok	ok	ok	340.29	18.69	19.514	18.207062600321	17.4382494619248	0.957773905913703	18	11041	12784	520520	533304	0.0239713184225132	1011	8.32667268468867e-17	1
3CA_data__PRJNA638151__cells-50000__rep-1__engine-both__ablation-full	3CA_data__PRJNA638151	50000	103001	ok	ok	ok	1034.706	184.244	187.977	5.61595492933284	5.50442873330248	0.980141187485703	32	33255	38623	1821985	1860608	0.0207582682649972	1011	5.55111512312578e-17	1
3CA_data__PRJNA638151__cells-50000__rep-2__engine-both__ablation-full	3CA_data__PRJNA638151	50000	103002	ok	ok	ok	1027.709	178.603	200.729	5.75415306573798	5.11988302636889	0.889771781855138	31	33284	38356	1738533	1776889	0.0215860416717082	1011	5.55111512312578e-17	1
3CA_data__PRJNA638151__cells-50000__rep-3__engine-both__ablation-full	3CA_data__PRJNA638151	50000	103003	ok	ok	ok	1007.543	181.718	182.825	5.54454154238986	5.51096950635854	0.993945029399699	31	31279	36087	1735997	1772084	0.0203641588096275	1011	8.32667268468867e-17	1
3CA_data__PRJNA638151__cells-all__rep-1__engine-both__ablation-full	3CA_data__PRJNA638151	all	103001	ok	ok	ok	1238.569	241.104	226.527	5.13707362797797	5.46764403360306	1.06434994503966	36	43265	50112	2306016	2356128	0.0212687935460213	1011	5.55111512312578e-17	1
3CA_data__PRJNA638151__cells-all__rep-2__engine-both__ablation-full	3CA_data__PRJNA638151	all	103002	ok	ok	ok	1231.865	244.521	238.532	5.03786995799952	5.16435949893515	1.02510774235742	36	43265	50112	2306016	2356128	0.0212687935460213	1011	5.55111512312578e-17	1
3CA_data__PRJNA638151__cells-all__rep-3__engine-both__ablation-full	3CA_data__PRJNA638151	all	103003	ok	ok	ok	1265.952	247.387	229.239	5.11729395643263	5.52241110805753	1.07916628496896	36	43265	50112	2306016	2356128	0.0212687935460213	1011	5.55111512312578e-17	1
3CA_data__SmartSeq2__cells-1000__rep-1__engine-both__ablation-full	3CA_data__SmartSeq2	1000	104001	ok	ok	ok	258.479	7.068	7.49	36.5703169213356	34.5098798397864	0.94365821094793	13	11382	21052	222477	243529	0.0864455567920042	997	1.11022302462516e-16	1
3CA_data__SmartSeq2__cells-1000__rep-2__engine-both__ablation-full	3CA_data__SmartSeq2	1000	104002	ok	ok	ok	263.693	7.11	7.618	37.0876230661041	34.6144657390391	0.933315830926752	14	13483	25176	249616	274792	0.0916183877259891	997	1.11022302462516e-16	1
3CA_data__SmartSeq2__cells-1000__rep-3__engine-both__ablation-full	3CA_data__SmartSeq2	1000	104003	ok	ok	ok	240.982	6.99	7.317	34.4752503576538	32.9345360120268	0.955309553095531	12	9834	18195	188301	206496	0.0881130869363087	997	5.55111512312578e-17	1
3CA_data__SmartSeq2__cells-10000__rep-1__engine-both__ablation-full	3CA_data__SmartSeq2	10000	104001	ok	ok	ok	434.7	47.785	50.795	9.09699696557497	8.5579289300128	0.940742199035338	18	25387	39974	522490	562464	0.0710694373328782	997	1.11022302462516e-16	1
3CA_data__SmartSeq2__cells-10000__rep-2__engine-both__ablation-full	3CA_data__SmartSeq2	10000	104002	ok	ok	ok	428.512	48.322	50.708	8.86784487397045	8.45057979017118	0.952946280665773	18	25387	39974	522490	562464	0.0710694373328782	997	1.11022302462516e-16	1
3CA_data__SmartSeq2__cells-10000__rep-3__engine-both__ablation-full	3CA_data__SmartSeq2	10000	104003	ok	ok	ok	419.101	47.821	51.051	8.76395307500889	8.20945720945721	0.936729936729937	18	25387	39974	522490	562464	0.0710694373328782	997	1.11022302462516e-16	1
3CA_data__SmartSeq2__cells-25000__rep-1__engine-both__ablation-full	3CA_data__SmartSeq2	25000	104001	ok	ok	ok	430.86	48.321	51.084	8.91662010306078	8.43434343434343	0.945912614517266	18	25387	39974	522490	562464	0.0710694373328782	997	1.11022302462516e-16	1
3CA_data__SmartSeq2__cells-25000__rep-2__engine-both__ablation-full	3CA_data__SmartSeq2	25000	104002	ok	ok	ok	426.718	47.899	49.794	8.90870373076682	8.569667028156	0.961943206008756	18	25387	39974	522490	562464	0.0710694373328782	997	1.11022302462516e-16	1
3CA_data__SmartSeq2__cells-25000__rep-3__engine-both__ablation-full	3CA_data__SmartSeq2	25000	104003	ok	ok	ok	426.697	47.832	50.371	8.92074343535708	8.47108455261956	0.949594012427786	18	25387	39974	522490	562464	0.0710694373328782	997	1.11022302462516e-16	1
3CA_data__SmartSeq2__cells-5000__rep-1__engine-both__ablation-full	3CA_data__SmartSeq2	5000	104001	ok	ok	ok	376.439	30.781	31.401	12.2295896819467	11.9881213974077	0.980255405878794	17	22576	35719	449512	485231	0.0736123619471963	997	8.32667268468867e-17	1
3CA_data__SmartSeq2__cells-5000__rep-2__engine-both__ablation-full	3CA_data__SmartSeq2	5000	104002	ok	ok	ok	397.033	30.976	33.081	12.8174393078512	12.0018439587679	0.936368308092258	18	25135	40746	523662	564408	0.0721924565208147	997	8.32667268468867e-17	1
3CA_data__SmartSeq2__cells-5000__rep-3__engine-both__ablation-full	3CA_data__SmartSeq2	5000	104003	ok	ok	ok	372.671	30.726	32.495	12.1288485321877	11.4685643945222	0.945560855516233	17	23137	36846	453009	489855	0.0752181768074226	997	1.11022302462516e-16	1
3CA_data__SmartSeq2__cells-50000__rep-1__engine-both__ablation-full	3CA_data__SmartSeq2	50000	104001	ok	ok	ok	429.499	48.644	49.529	8.82943425705123	8.67166710412082	0.982131680429647	18	25387	39974	522490	562464	0.0710694373328782	997	1.11022302462516e-16	1
3CA_data__SmartSeq2__cells-50000__rep-2__engine-both__ablation-full	3CA_data__SmartSeq2	50000	104002	ok	ok	ok	429.105	48.029	49.325	8.93428969997293	8.69954384186518	0.973725291434364	18	25387	39974	522490	562464	0.0710694373328782	997	1.11022302462516e-16	1
3CA_data__SmartSeq2__cells-50000__rep-3__engine-both__ablation-full	3CA_data__SmartSeq2	50000	104003	ok	ok	ok	433.61	48.045	48.667	9.02508065355396	8.90973349497606	0.987219265621468	18	25387	39974	522490	562464	0.0710694373328782	997	1.11022302462516e-16	1
3CA_data__SmartSeq2__cells-all__rep-1__engine-both__ablation-full	3CA_data__SmartSeq2	all	104001	ok	ok	ok	426.469	48.256	48.798	8.83763677055703	8.73947702774704	0.988892987417517	18	25387	39974	522490	562464	0.0710694373328782	997	1.11022302462516e-16	1
3CA_data__SmartSeq2__cells-all__rep-2__engine-both__ablation-full	3CA_data__SmartSeq2	all	104002	ok	ok	ok	425.58	48.422	50.834	8.78898021560448	8.37195577762914	0.952551441948302	18	25387	39974	522490	562464	0.0710694373328782	997	1.11022302462516e-16	1
3CA_data__SmartSeq2__cells-all__rep-3__engine-both__ablation-full	3CA_data__SmartSeq2	all	104003	ok	ok	ok	424.991	47.551	50.86	8.93758280582953	8.35609516319308	0.934939048368069	18	25387	39974	522490	562464	0.0710694373328782	997	1.11022302462516e-16	1
normal_control__Sample5__cells-1000__rep-1__engine-both__ablation-full	normal_control__Sample5	1000	111001	ok	ok	ok	132.927	3.61	4.213	36.8218836565097	31.5516259197721	0.856871587942084	8	454	684	61460	62144	0.0110066941297631	1011	5.55111512312578e-17	1
normal_control__Sample5__cells-1000__rep-2__engine-both__ablation-full	normal_control__Sample5	1000	111002	ok	ok	ok	120.311	3.787	3.984	31.7694745180882	30.1985441767068	0.950552208835341	7	332	455	38941	39396	0.0115493958777541	1011	1.38777878078145e-16	1
normal_control__Sample5__cells-1000__rep-3__engine-both__ablation-full	normal_control__Sample5	1000	111003	ok	ok	ok	116.384	3.685	4.183	31.5831750339213	27.8230934735836	0.880946688979202	7	218	330	38184	38514	0.00856831282131173	1011	1.11022302462516e-16	1
normal_control__Sample5__cells-10000__rep-1__engine-both__ablation-full	normal_control__Sample5	10000	111001	ok	ok	ok	330.679	31.488	33.571	10.5017466971545	9.85013851240654	0.937952399392333	15	1353	1804	333221	335025	0.00538467278561301	1011	8.32667268468867e-17	1
normal_control__Sample5__cells-10000__rep-2__engine-both__ablation-full	normal_control__Sample5	10000	111002	ok	ok	ok	329.145	32.076	34.829	10.2614104002993	9.4503143931781	0.920956674036004	15	1343	1775	326950	328725	0.00539965016351053	1011	5.55111512312578e-17	1
normal_control__Sample5__cells-10000__rep-3__engine-both__ablation-full	normal_control__Sample5	10000	111003	ok	ok	ok	281.709	30.775	32.321	9.15382615759545	8.71597413446366	0.952167321555645	12	720	995	198877	199872	0.004978186039065	1011	1.11022302462516e-16	1
normal_control__Sample5__cells-25000__rep-1__engine-both__ablation-full	normal_control__Sample5	25000	111001	ok	ok	ok	460.008	74.251	76.998	6.19531050086867	5.97428504636484	0.964323748668797	16	1773	2255	398897	401152	0.00562131062539885	1011	8.32667268468867e-17	1
normal_control__Sample5__cells-25000__rep-2__engine-both__ablation-full	normal_control__Sample5	25000	111002	ok	ok	ok	467.75	76.294	76.98	6.13088840537919	6.07625357235646	0.991088594440114	16	1773	2255	398897	401152	0.00562131062539885	1011	8.32667268468867e-17	1
normal_control__Sample5__cells-25000__rep-3__engine-both__ablation-full	normal_control__Sample5	25000	111003	ok	ok	ok	466.079	75.123	76.95	6.20421175938128	6.05690708252112	0.97625730994152	16	1773	2255	398897	401152	0.00562131062539885	1011	8.32667268468867e-17	1
normal_control__Sample5__cells-5000__rep-1__engine-both__ablation-full	normal_control__Sample5	5000	111001	ok	ok	ok	217.841	16.184	18.983	13.4602694018784	11.4755834167413	0.852552283622188	11	718	1046	155528	156574	0.00668054721729023	1011	8.32667268468867e-17	1
normal_control__Sample5__cells-5000__rep-2__engine-both__ablation-full	normal_control__Sample5	5000	111002	ok	ok	ok	224.345	16.318	18.05	13.748314744454	12.4290858725762	0.90404432132964	11	870	1143	159061	160204	0.0071346533170208	1011	1.11022302462516e-16	1
normal_control__Sample5__cells-5000__rep-3__engine-both__ablation-full	normal_control__Sample5	5000	111003	ok	ok	ok	245.808	16.481	18.037	14.9146289666889	13.6279869157842	0.913732882408383	13	799	1129	226345	227474	0.00496320458601862	1011	8.32667268468867e-17	1
normal_control__Sample5__cells-50000__rep-1__engine-both__ablation-full	normal_control__Sample5	50000	111001	ok	ok	ok	466.736	74.065	82.389	6.301707959225	5.6650280984112	0.898967095121922	16	1773	2255	398897	401152	0.00562131062539885	1011	8.32667268468867e-17	1
normal_control__Sample5__cells-50000__rep-2__engine-both__ablation-full	normal_control__Sample5	50000	111002	ok	ok	ok	462.483	74.56	76.36	6.20282993562232	6.05661341016239	0.976427448926139	16	1773	2255	398897	401152	0.00562131062539885	1011	8.32667268468867e-17	1
normal_control__Sample5__cells-50000__rep-3__engine-both__ablation-full	normal_control__Sample5	50000	111003	ok	ok	ok	466.692	74.655	77.052	6.2513160538477	6.05684472823548	0.968891138451954	16	1773	2255	398897	401152	0.00562131062539885	1011	8.32667268468867e-17	1
normal_control__Sample5__cells-all__rep-1__engine-both__ablation-full	normal_control__Sample5	all	111001	ok	ok	ok	466.068	74.315	76.797	6.27151988158514	6.06883081370366	0.96768102920687	16	1773	2255	398897	401152	0.00562131062539885	1011	8.32667268468867e-17	1
normal_control__Sample5__cells-all__rep-2__engine-both__ablation-full	normal_control__Sample5	all	111002	ok	ok	ok	461.88	72.992	82.357	6.32781674704077	5.60826644972498	0.886287747246743	16	1773	2255	398897	401152	0.00562131062539885	1011	8.32667268468867e-17	1
normal_control__Sample5__cells-all__rep-3__engine-both__ablation-full	normal_control__Sample5	all	111003	ok	ok	ok	468.873	73.944	82.772	6.34092015579357	5.66463296767023	0.893345575798579	16	1773	2255	398897	401152	0.00562131062539885	1011	8.32667268468867e-17	1
normal_control__Sample8__cells-1000__rep-1__engine-both__ablation-full	normal_control__Sample8	1000	110001	ok	ok	ok	135.822	3.679	4.446	36.918184289209	30.5492577597841	0.827485380116959	8	333	585	57719	58304	0.0100336169045005	1011	1.11022302462516e-16	1
normal_control__Sample8__cells-1000__rep-2__engine-both__ablation-full	normal_control__Sample8	1000	110002	ok	ok	ok	122.829	3.531	3.937	34.785896346644	31.1986283972568	0.896875793751588	7	373	595	36155	36750	0.0161904761904762	1011	5.55111512312578e-17	1
normal_control__Sample8__cells-1000__rep-3__engine-both__ablation-full	normal_control__Sample8	1000	110003	ok	ok	ok	124.822	3.847	4.389	32.4465817520146	28.4397357028936	0.876509455456824	7	521	786	40717	41503	0.0189383899959039	1011	8.32667268468867e-17	1
normal_control__Sample8__cells-10000__rep-1__engine-both__ablation-full	normal_control__Sample8	10000	110001	ok	ok	ok	305.294	32.347	34.9	9.43809317711071	8.74767908309455	0.926848137535817	13	1202	1868	237098	238966	0.00781701162508474	1011	8.32667268468867e-17	1
normal_control__Sample8__cells-10000__rep-2__engine-both__ablation-full	normal_control__Sample8	10000	110002	ok	ok	ok	306.343	33.412	36.534	9.16865198132408	8.38514808123939	0.91454535501177	13	1153	1749	240090	241839	0.00723208415516108	1011	5.55111512312578e-17	1
normal_control__Sample8__cells-10000__rep-3__engine-both__ablation-full	normal_control__Sample8	10000	110003	ok	ok	ok	317.254	33.654	37.682	9.42693290544957	8.41924526299029	0.893105461493551	14	1326	2000	285532	287532	0.0069557475341875	1011	8.32667268468867e-17	1
normal_control__Sample8__cells-25000__rep-1__engine-both__ablation-full	normal_control__Sample8	25000	110001	ok	ok	ok	453.394	88.52	97.574	5.12193854496159	4.64666816979933	0.907208887613504	14	1429	2096	286808	288904	0.00725500512280896	1011	8.32667268468867e-17	1
normal_control__Sample8__cells-25000__rep-2__engine-both__ablation-full	normal_control__Sample8	25000	110002	ok	ok	ok	466.114	97.586	99.111	4.7764433422827	4.70294921855294	0.984613211449789	14	1429	2096	286808	288904	0.00725500512280896	1011	8.32667268468867e-17	1
normal_control__Sample8__cells-25000__rep-3__engine-both__ablation-full	normal_control__Sample8	25000	110003	ok	ok	ok	471.264	85.729	96.217	5.49713632493089	4.89792864046894	0.890996393568704	14	1429	2096	286808	288904	0.00725500512280896	1011	8.32667268468867e-17	1
normal_control__Sample8__cells-5000__rep-1__engine-both__ablation-full	normal_control__Sample8	5000	110001	ok	ok	ok	229.583	16.992	18.534	13.5112405838041	12.3871263623611	0.916801553900939	11	774	1215	156932	158147	0.00768272556545492	1011	1.11022302462516e-16	1
normal_control__Sample8__cells-5000__rep-2__engine-both__ablation-full	normal_control__Sample8	5000	110002	ok	ok	ok	245.599	16.683	18.326	14.721512917341	13.4016697588126	0.910345956564444	12	1096	1593	189927	191520	0.00831766917293233	1011	8.32667268468867e-17	1
normal_control__Sample8__cells-5000__rep-3__engine-both__ablation-full	normal_control__Sample8	5000	110003	ok	ok	ok	216.1	16.755	18.644	12.8976424947777	11.5908603304012	0.898680540656511	10	741	1056	129344	130400	0.00809815950920245	1011	1.11022302462516e-16	1
normal_control__Sample8__cells-50000__rep-1__engine-both__ablation-full	normal_control__Sample8	50000	110001	ok	ok	ok	452.735	90.361	85.789	5.01029205077412	5.27730827961627	1.05329354579258	14	1429	2096	286808	288904	0.00725500512280896	1011	8.32667268468867e-17	1
normal_control__Sample8__cells-50000__rep-2__engine-both__ablation-full	normal_control__Sample8	50000	110002	ok	ok	ok	446.225	84.002	92.393	5.31207590295469	4.82964077365168	0.909181431493728	14	1429	2096	286808	288904	0.00725500512280896	1011	8.32667268468867e-17	1
normal_control__Sample8__cells-50000__rep-3__engine-both__ablation-full	normal_control__Sample8	50000	110003	ok	ok	ok	456.635	87.767	87.423	5.20280971207857	5.22328220262402	1.00393489127575	14	1429	2096	286808	288904	0.00725500512280896	1011	8.32667268468867e-17	1
normal_control__Sample8__cells-all__rep-1__engine-both__ablation-full	normal_control__Sample8	all	110001	ok	ok	ok	454.718	89.993	93.729	5.05281521896148	4.85141204963245	0.960140404784005	14	1429	2096	286808	288904	0.00725500512280896	1011	8.32667268468867e-17	1
normal_control__Sample8__cells-all__rep-2__engine-both__ablation-full	normal_control__Sample8	all	110002	ok	ok	ok	461.384	86.727	86.028	5.31995802921812	5.36318407960199	1.00812526154275	14	1429	2096	286808	288904	0.00725500512280896	1011	8.32667268468867e-17	1
normal_control__Sample8__cells-all__rep-3__engine-both__ablation-full	normal_control__Sample8	all	110003	ok	ok	ok	456.401	86.745	85.206	5.26140987953196	5.3564420345985	1.01806210830223	14	1429	2096	286808	288904	0.00725500512280896	1011	8.32667268468867e-17	1
